year,month,month_label,period,policy_effective_date,target_origin,target_origin_code,target_import_value_consumption_usd,other_origins_import_value_consumption_usd,all_origins_import_value_consumption_usd,target_share_of_all_origins,unique_origin_count,unique_policy_hts8_count,matched_detail_row_count
2016,1,2016-01,pre,2018-07-06,CHINA,5700,2248575882,17111594693,19360170575,0.11614442513763854,150,702,18202
2016,2,2016-02,pre,2018-07-06,CHINA,5700,2091079850,18555924525,20647004375,0.10127763873251952,168,712,22369
2016,3,2016-03,pre,2018-07-06,CHINA,5700,1977993238,20919480501,22897473739,0.08638478028390502,182,720,25190
2016,4,2016-04,pre,2018-07-06,CHINA,5700,2128433726,20144922661,22273356387,0.09555963138282451,185,724,27287
2016,5,2016-05,pre,2018-07-06,CHINA,5700,2234237100,19336342326,21570579426,0.10357798257876061,192,724,29005
2016,6,2016-06,pre,2018-07-06,CHINA,5700,2319514014,20532808699,22852322713,0.10150014259515502,197,725,30477
2016,7,2016-07,pre,2018-07-06,CHINA,5700,2315942507,19257716615,21573659122,0.10735047281053448,205,771,33431
2016,8,2016-08,pre,2018-07-06,CHINA,5700,2473723469,20354805766,22828529235,0.1083610531162631,207,771,34897
2016,9,2016-09,pre,2018-07-06,CHINA,5700,2290401499,19658916074,21949317573,0.10434955398419485,210,771,36146
2016,10,2016-10,pre,2018-07-06,CHINA,5700,2339654712,20253281003,22592935715,0.10355691449370372,211,771,37258
2016,11,2016-11,pre,2018-07-06,CHINA,5700,2370078168,20091959928,22462038096,0.10551483164041375,215,771,38235
2016,12,2016-12,pre,2018-07-06,CHINA,5700,2393893823,19901655180,22295549003,0.10737092962715954,217,771,39192
2017,1,2017-01,pre,2018-07-06,CHINA,5700,2707027493,33507259765,36214287258,0.07475026289249964,152,797,20734
2017,2,2017-02,pre,2018-07-06,CHINA,5700,2218753792,32097601212,34316355004,0.06465587011619901,171,801,25018
2017,3,2017-03,pre,2018-07-06,CHINA,5700,2359189749,38738182826,41097372575,0.05740488019506926,190,802,28215
2017,4,2017-04,pre,2018-07-06,CHINA,5700,2532351363,35721272991,38253624354,0.06619899174952827,195,807,30407
2017,5,2017-05,pre,2018-07-06,CHINA,5700,2819635853,36448607808,39268243661,0.07180448092717666,200,807,32464
2017,6,2017-06,pre,2018-07-06,CHINA,5700,2849544297,37795711920,40645256217,0.07010767214227007,201,810,34171
2017,7,2017-07,pre,2018-07-06,CHINA,5700,2753985286,34568977838,37322963124,0.07378795935494974,204,812,35580
2017,8,2017-08,pre,2018-07-06,CHINA,5700,2780482550,36443419923,39223902473,0.0708874531776628,207,812,36881
2017,9,2017-09,pre,2018-07-06,CHINA,5700,2608833909,35143819211,37752653120,0.06910332634656433,208,814,38078
2017,10,2017-10,pre,2018-07-06,CHINA,5700,2766813099,38156923199,40923736298,0.06760900517129023,211,815,39224
2017,11,2017-11,pre,2018-07-06,CHINA,5700,2679248144,38007572105,40686820249,0.06585051688982381,219,815,40207
2017,12,2017-12,pre,2018-07-06,CHINA,5700,2788579039,39293976378,42082555417,0.06626448920146859,220,815,41162
2018,1,2018-01,pre,2018-07-06,CHINA,5700,2910946910,34039475868,36950422778,0.0787797998277074,162,790,21407
2018,2,2018-02,pre,2018-07-06,CHINA,5700,2463926887,34746925649,37210852536,0.06621527643356867,180,800,25883
2018,3,2018-03,pre,2018-07-06,CHINA,5700,2734850473,40780492600,43515343073,0.06284795844105145,189,807,29021
2018,4,2018-04,pre,2018-07-06,CHINA,5700,2765909977,36859728475,39625638452,0.06980101987127472,194,807,31312
2018,5,2018-05,pre,2018-07-06,CHINA,5700,3218257424,38938576437,42156833861,0.07634011213012998,199,810,33286
2018,6,2018-06,pre,2018-07-06,CHINA,5700,3255561547,38541182349,41796743896,0.0778903149752668,204,811,34916
2018,7,2018-07,transition,2018-07-06,CHINA,5700,2574071705,36987708638,39561780343,0.06506460737314751,211,812,36531
2018,8,2018-08,post,2018-07-06,CHINA,5700,2236740201,39300903248,41537643449,0.053848509816072594,214,812,37823
2018,9,2018-09,post,2018-07-06,CHINA,5700,2064082060,36587820118,38651902178,0.05340182355048079,216,812,38906
2018,10,2018-10,post,2018-07-06,CHINA,5700,2129978570,41012723839,43142702409,0.04937054127503299,219,812,40103
2018,11,2018-11,post,2018-07-06,CHINA,5700,1948740426,39863790025,41812530451,0.04660661301720842,219,812,41116
2018,12,2018-12,post,2018-07-06,CHINA,5700,2014291697,40621351160,42635642857,0.047244313959471346,220,813,42051
2019,1,2019-01,post,2018-07-06,CHINA,5700,2137358462,36512759828,38650118290,0.05530017905670943,162,795,21743
2019,2,2019-02,post,2018-07-06,CHINA,5700,1727784539,36709082925,38436867464,0.04495123179895563,187,800,26134
2019,3,2019-03,post,2018-07-06,CHINA,5700,1795921575,42993778752,44789700327,0.04009675353682569,194,803,29207
2019,4,2019-04,post,2018-07-06,CHINA,5700,1898209183,40204993045,42103202228,0.045084674859662555,200,806,31594
2019,5,2019-05,post,2018-07-06,CHINA,5700,1928138969,42043502966,43971641935,0.04384960133738522,206,810,33620
2019,6,2019-06,post,2018-07-06,CHINA,5700,1809569519,40451002522,42260572041,0.042819333284092966,210,810,35111
2019,7,2019-07,post,2018-07-06,CHINA,5700,1930571521,39797393519,41727965040,0.04626565228257294,212,813,36679
2019,8,2019-08,post,2018-07-06,CHINA,5700,1844012150,39514638808,41358650958,0.04458588728806961,212,813,38017
2019,9,2019-09,post,2018-07-06,CHINA,5700,1802900732,38097940425,39900841157,0.04518452944152302,212,814,39152
2019,10,2019-10,post,2018-07-06,CHINA,5700,1750679672,40236213602,41986893274,0.041695861148271535,214,814,40236
2019,11,2019-11,post,2018-07-06,CHINA,5700,1634780913,38041685235,39676466148,0.04120278522038701,217,814,41175
2019,12,2019-12,post,2018-07-06,CHINA,5700,1722204016,39863779008,41585983024,0.04141308899698453,218,815,42099
