origin_code,origin_name,is_target_origin,pre_total_usd,pre_average_monthly_usd,post_total_usd,post_average_monthly_usd,change_usd,change_pct,pre_active_months,post_active_months
2010,MEXICO,False,191927581356,6397586045.2,147412752513,8671338383.117647,2273752337.9176474,0.35540785569013256,30,17
5880,JAPAN,False,145479274836,4849309161.2,109681894720,6451876160.0,1602566998.8000002,0.3304732582575602,30,17
1220,CANADA,False,126958100681,4231936689.366667,97992416221,5764259777.705882,1532323088.3392153,0.3620855416361477,30,17
4280,GERMANY,False,101293059702,3376435323.4,72838218192,4284601070.117647,908165746.7176471,0.26897175859513967,30,17
4120,UNITED KINGDOM,False,38718941792,1290631393.0666666,33795714036,1987983178.5882354,697351785.5215688,0.5403183195975054,30,17
5800,"KOREA, SOUTH",False,40690117783,1356337259.4333334,34559945420,2032937965.8823528,676600706.4490194,0.49884400192006645,30,17
4279,FRANCE,False,41832543199,1394418106.6333334,30124015781,1772000928.2941177,377582821.66078424,0.27078163992894194,30,17
4759,ITALY,False,29014003743,967133458.1,20634304307,1213782606.2941177,246649148.19411767,0.25503113983738795,30,17
4359,SLOVAKIA,False,3684561840,122818728.0,6144323921,361430818.88235295,238612090.88235295,1.9427989099704155,30,17
4330,AUSTRIA,False,7805861151,260195371.7,7416493109,436264300.5294118,176068928.8294118,0.6766797106307322,30,17
5330,INDIA,False,6711875570,223729185.66666666,6127317103,360430417.8235294,136701232.15686277,0.6110120668857816,30,17
4010,SWEDEN,False,9631489887,321049662.9,6976122193,410360129.0,89310466.10000002,0.2781827125849321,30,17
5830,TAIWAN,False,12730061344,424335378.1333333,8534367371,502021610.0588235,77686231.9254902,0.1830774333906231,30,17
4231,BELGIUM,False,3573400715,119113357.16666667,3241133009,190654882.88235295,71541525.71568628,0.6006171550985958,30,17
4210,NETHERLANDS,False,7631421405,254380713.5,5335464105,313850829.7058824,59470116.20588237,0.23378390361296936,30,17
4419,SWITZERLAND,False,10180786115,339359537.1666667,6734761896,396162464.4705882,56802927.30392152,0.1673827344832345,30,17
4190,IRELAND,False,5193349223,173111640.76666668,3828506454,225206262.0,52094621.23333332,0.30093078086845987,30,17
4550,POLAND,False,5061420097,168714003.23333332,3711071796,218298340.94117647,49584337.707843155,0.2938958044832086,30,17
3510,BRAZIL,False,10502459856,350081995.2,6742983583,396646093.11764705,46564097.917647064,0.1330091194522736,30,17
5520,VIETNAM,False,2786752439,92891747.96666667,2173321566,127842445.05882353,34950697.09215686,0.37625190457928065,30,17
4890,TURKEY,False,3505454041,116848468.03333333,2579546617,151738036.29411766,34889568.26078433,0.29858815308414133,30,17
4370,HUNGARY,False,4551826285,151727542.83333334,3070200454,180600026.70588234,28872483.872548997,0.19029164602147594,30,17
5490,THAILAND,False,14153125070,471770835.6666667,8478011789,498706575.8235294,26935740.156862736,0.057094966709418195,30,17
4050,FINLAND,False,5000530033,166684334.43333334,3270004182,192353187.17647058,25668852.74313724,0.15399679178251566,30,17
5081,ISRAEL,False,6873553018,229118433.93333334,4331020989,254765940.52941176,25647506.596078426,0.11193995243325157,30,17
2470,DOMINICAN REPUBLIC,False,1804685579,60156185.96666667,1437126201,84536835.35294117,24380649.3862745,0.405289148480659,30,17
4490,LATVIA,False,381601999,12720066.633333333,608116276,35771545.64705882,23051479.01372549,1.8122136996765699,30,17
4099,DENMARK,False,2463392095,82113069.83333333,1748329593,102842917.23529412,20729847.40196079,0.25245490692330236,30,17
4351,CZECH REPUBLIC,False,2892305312,96410177.06666666,1937582616,113975448.0,17565270.933333337,0.1821931197282952,30,17
4039,NORWAY,False,1361492087,45383069.56666667,952713598,56041976.35294118,10658906.786274508,0.23486526777605518,30,17
4700,SPAIN,False,6257875935,208595864.5,3706997943,218058702.52941176,9462838.029411763,0.0453644565394141,30,17
5590,SINGAPORE,False,10597518937,353250631.23333335,6124737949,360278702.88235295,7028071.649019599,0.01989542559197108,30,17
4621,RUSSIA,False,1349462179,44982072.63333333,873625805,51389753.23529412,6407680.601960786,0.1424496522023857,30,17
4794,NORTH MACEDONIA,False,290854032,9695134.4,257297156,15135126.823529411,5439992.423529411,0.5611054162930852,30,17
4850,ROMANIA,False,1027094889,34236496.3,668621687,39330687.47058824,5094191.17058824,0.14879417350274363,30,17
2230,COSTA RICA,False,1066079198,35535973.266666666,685286512,40310971.294117644,4774998.027450979,0.13437082450560053,30,17
5200,UNITED ARAB EMIRATES,False,378809715,12626990.5,279720410,16454141.764705881,3827151.2647058815,0.30309290758600643,30,17
4870,BULGARIA,False,281807664,9393588.8,222324476,13077910.352941176,3684321.552941175,0.3922166097946692,30,17
4792,SLOVENIA,False,255271189,8509039.633333333,202634173,11919657.235294119,3410617.6019607857,0.4008228600322913,30,17
4239,LUXEMBOURG,False,74155303,2471843.433333333,84416662,4965686.0,2493842.566666667,1.008899889465761,30,17
4470,ESTONIA,False,232138655,7737955.166666667,172681939,10157761.11764706,2419805.9509803923,0.3127190451302122,30,17
7140,MOROCCO,False,221482548,7382751.6,157772624,9280742.588235294,1897990.9882352948,0.2570844979039109,30,17
6141,NEW ZEALAND,False,652115389,21737179.633333333,399341079,23490651.70588235,1753472.072549019,0.08066695413696268,30,17
4710,PORTUGAL,False,496430151,16547671.7,310330226,18254719.17647059,1707047.4764705896,0.10315937537427636,30,17
5420,SRI LANKA,False,153155801,5105193.366666666,115783269,6810780.529411765,1705587.1627450986,0.33408865056540016,30,17
3570,ARGENTINA,False,306400177,10213339.233333332,201408637,11847566.88235294,1634227.6490196083,0.16000914213110345,30,17
7230,TUNISIA,False,137620166,4587338.866666666,104576370,6151551.176470588,1564212.3098039217,0.3409846874775435,30,17
3010,COLOMBIA,False,137336239,4577874.633333334,101413211,5965483.0,1387608.3666666662,0.3031119193529101,30,17
6021,AUSTRALIA,False,2377356697,79245223.23333333,1370305349,80606197.0,1360973.7666666657,0.01717420572668905,30,17
4510,LITHUANIA,False,133698828,4456627.6,98435488,5790322.823529412,1333695.2235294124,0.29926108780760874,30,17
3310,ECUADOR,False,51848471,1728282.3666666667,51516364,3030374.3529411764,1302091.9862745097,0.7534023440775195,30,17
4791,CROATIA,False,176946522,5898217.4,121298748,7135220.470588235,1237003.0705882348,0.20972490274574057,30,17
3330,PERU,False,43616338,1453877.9333333333,43720275,2571780.882352941,1117902.9490196079,0.768911146795227,30,17
3370,CHILE,False,101679836,3389327.8666666667,75836002,4460941.294117647,1071613.4274509805,0.31617284299641685,30,17
2110,EL SALVADOR,False,171821550,5727385.0,112792121,6634830.647058823,907445.6470588231,0.15843978483353627,30,17
4801,SERBIA,False,171241752,5708058.4,111670331,6568843.0,860784.5999999996,0.1508016456173608,30,17
7749,ETHIOPIA,False,4405848,146861.6,15694485,923205.0,776343.4,5.286224581510756,30,17
3530,PARAGUAY,False,16733031,557767.7,20645466,1214439.1764705882,656671.4764705882,1.1773207313198457,28,17
2250,PANAMA,False,18861669,628722.3,20469567,1204092.1764705882,575369.8764705881,0.9151415123506643,30,17
4840,GREECE,False,186283610,6209453.666666667,112232290,6601899.411764706,392445.7450980386,0.06320133238206602,30,17
2483,ST KITTS AND NEVIS,False,39123535,1304117.8333333333,28698537,1688149.2352941176,384031.40196078434,0.2944759991351377,30,17
5550,CAMBODIA,False,2147388,71579.6,7178853,422285.4705882353,350705.8705882353,4.899522637570415,29,17
4751,SAN MARINO,False,5250267,175008.9,8141311,478900.64705882355,303891.7470588236,1.7364359587359477,26,17
5600,INDONESIA,False,1678966722,55965557.4,956388021,56258118.88235294,292561.4823529422,0.005227527356905092,30,17
5350,PAKISTAN,False,26767179,892239.3,19928250,1172250.0,280010.69999999995,0.31382914874966833,30,17
4623,UKRAINE,False,130768807,4358960.233333333,77877813,4581047.823529412,222087.59019607864,0.050949671093063954,30,17
4730,MALTA,False,61713539,2057117.9666666666,38581515,2269500.882352941,212382.91568627465,0.10324294431710097,30,17
4720,GIBRALTAR,False,39347,1311.5666666666666,3038413,178730.17647058822,177418.60980392154,135.27227727952948,4,6
5230,OMAN,False,5074636,169154.53333333333,5688464,334615.5294117647,165460.99607843137,0.97816471612012,28,17
4272,MONACO,False,3114964,103832.13333333333,4021435,236555.0,132722.86666666667,1.2782446281883193,30,17
5110,JORDAN,False,11761892,392063.06666666665,8898131,523419.4705882353,131356.40392156865,0.3350389646195578,30,17
2740,TRINIDAD AND TOBAGO,False,7813824,260460.8,6529196,384070.35294117645,123609.55294117646,0.4745802552291034,30,17
4633,GEORGIA,False,37076583,1235886.1,22875531,1345619.4705882352,109733.37058823509,0.08878922627921382,30,17
7990,LESOTHO,False,2419340,80644.66666666667,2754593,162034.88235294117,81390.2156862745,1.009244864544973,30,17
5460,BURMA,False,1448858,48295.26666666667,2143229,126072.29411764706,77777.02745098039,1.6104482451209239,24,17
7510,NIGER,False,1370603,45686.76666666667,2069569,121739.35294117648,76052.58627450981,1.6646524108259606,27,17
7790,KENYA,False,2244370,74812.33333333333,2531178,148892.82352941178,74080.49019607845,0.9902176137991301,28,17
6412,NEW CALEDONIA,False,708932,23631.066666666666,1645788,96811.05882352941,73179.99215686275,3.096770585480529,24,14
2487,ST LUCIA,False,1610757,53691.9,2145202,126188.35294117648,72496.45294117648,1.3502307227193764,30,17
7450,MALI,False,618046,20601.533333333333,1499670,88215.88235294117,67614.34901960785,3.2820056607246637,20,14
4411,LIECHTENSTEIN,False,102562275,3418742.5,59211805,3483047.3529411764,64304.85294117639,0.018809504647155025,30,17
4000,ICELAND,False,106031157,3534371.9,61171911,3598347.705882353,63975.80588235287,0.01810103964507891,30,17
4634,KAZAKHSTAN,False,965163,32172.1,1617207,95129.82352941176,62957.72352941176,1.9569043839044318,25,17
2777,CURACAO,False,1893359,63111.96666666667,2061750,121279.41176470589,58167.44509803922,0.9216547696137799,27,16
4793,BOSNIA AND HERZEGOVINA,False,3029480,100982.66666666667,2595841,152696.5294117647,51713.86274509803,0.5121063292554963,30,17
7530,NIGERIA,False,2450960,81698.66666666667,2179884,128228.4705882353,46529.80392156863,0.5695295384857602,29,17
4641,MOLDOVA,False,234582,7819.4,861630,50684.117647058825,42864.717647058824,5.481842295707961,22,16
3150,SURINAME,False,2109613,70320.43333333333,1891710,111277.05882352941,40956.62549019608,0.5824285140003794,28,16
5380,BANGLADESH,False,576762,19225.4,1019701,59982.41176470588,40757.01176470588,2.1199565036205166,22,13
5040,LEBANON,False,4764941,158831.36666666667,3335377,196198.64705882352,37367.280392156856,0.23526385988088955,30,17
4631,ARMENIA,False,919134,30637.8,1132503,66617.82352941176,35980.02352941176,1.1743670736610252,25,17
2450,HAITI,False,347788,11592.933333333332,744278,43781.05882352941,32188.12549019608,2.7765298535483756,20,14
7644,SAO TOME AND PRINCIPE,False,447590,14919.666666666666,775408,45612.23529411765,30692.568627450986,2.0571886298253528,24,15
2779,ARUBA,False,272959,9098.633333333333,622264,36603.76470588235,27505.131372549018,3.0229959121203938,15,15
7870,MOZAMBIQUE,False,413991,13799.7,687306,40429.76470588235,26630.06470588235,1.9297567849940467,16,7
7440,SENEGAL,False,729693,24323.1,860998,50646.94117647059,26323.84117647059,1.0822568330710556,24,17
5683,MALDIVES,False,111880,3729.3333333333335,505965,29762.647058823528,26033.313725490196,6.980688342551893,11,9
7210,ALGERIA,False,1394300,46476.666666666664,1180917,69465.70588235294,22989.039215686273,0.4946361446393088,22,11
7830,TANZANIA,False,239418,7980.6,511217,30071.58823529412,22090.98823529412,2.7680861382971353,13,15
5130,KUWAIT,False,1722938,57431.26666666667,1294229,76131.11764705883,18699.850980392155,0.3256040144287053,28,14
4644,UZBEKISTAN,False,107295,3576.5,370853,21814.882352941175,18238.382352941175,5.0995057606434155,6,8
7880,MADAGASCAR,False,625042,20834.733333333334,663423,39024.882352941175,18190.14901960784,0.8730684827391363,22,17
7460,GUINEA,False,703708,23456.933333333334,678140,39890.58823529412,16433.654901960785,0.7005883790703297,24,14
7410,MAURITANIA,False,24884,829.4666666666667,275261,16191.823529411764,15362.356862745097,18.520764582959046,3,6
3120,GUYANA,False,765491,25516.366666666665,694451,40850.05882352941,15333.692156862748,0.6009355625420579,19,14
7930,BOTSWANA,False,196133,6537.766666666666,356153,20950.176470588234,14412.409803921568,2.20448519177113,13,9
4804,MONTENEGRO,False,942041,31401.366666666665,776991,45705.35294117647,14303.986274509803,0.4555211378648001,22,12
4810,ALBANIA,False,973069,32435.633333333335,779898,45876.35294117647,13440.719607843133,0.41438129077721514,21,17
7660,CONGO (KINSHASA),False,221263,7375.433333333333,352895,20758.529411764706,13383.096078431372,1.8145504777253367,13,11
4632,AZERBAIJAN,False,2734174,91139.13333333333,1745779,102692.88235294117,11553.749019607843,0.12677045081557914,18,13
6864,TONGA,False,26226,874.2,200203,11776.64705882353,10902.447058823529,12.471341865503922,1,5
4635,KYRGYZSTAN,False,252412,8413.733333333334,316259,18603.470588235294,10189.73725490196,1.211083932804537,14,11
7520,TOGO,False,58705,1956.8333333333333,193694,11393.764705882353,9436.93137254902,4.822552443172993,3,2
7642,GUINEA-BISSAU,False,16534,551.1333333333333,145692,8570.117647058823,8018.98431372549,14.549989682579213,6,2
2484,ANTIGUA AND BARBUDA,False,599906,19996.866666666665,464747,27338.058823529413,7341.192156862748,0.367117122859052,18,13
7920,NAMIBIA,False,927211,30907.033333333333,647785,38105.0,7197.966666666667,0.2328908953841143,26,14
7905,FRENCH SOUTHERN AND ANTARCTIC LANDS,False,0,0.0,114338,6725.764705882353,6725.764705882353,,0,2
6144,NIUE,False,13431,447.7,118849,6991.117647058823,6543.417647058824,14.615630214560696,4,3
5601,TIMOR-LESTE,False,64315,2143.8333333333335,140524,8266.117647058823,6122.2843137254895,2.8557650534364405,5,5
7620,ANGOLA,False,7997,266.56666666666666,100809,5929.941176470588,5663.374509803922,21.245621519834646,1,3
5050,IRAQ,False,147436,4914.533333333334,158003,9294.29411764706,4379.760784313726,0.8911854874617581,12,8
7600,BURKINA FASO,False,15000,500.0,62283,3663.705882352941,3163.705882352941,6.327411764705882,1,6
5682,BHUTAN,False,353688,11789.6,249748,14691.058823529413,2901.4588235294123,0.24610324553245336,7,4
7540,CENTRAL AFRICAN REPUBLIC,False,202387,6746.233333333334,160695,9452.64705882353,2706.413725490196,0.40117404657762545,12,4
2410,JAMAICA,False,1549705,51656.833333333336,920931,54172.41176470588,2515.5784313725453,0.04869788310754392,30,17
2430,TURKS AND CAICOS ISLANDS,False,94728,3157.6,94502,5558.941176470588,2401.3411764705884,0.7604956854796644,7,7
7250,LIBYA,False,52230,1741.0,69005,4059.1176470588234,2318.1176470588234,1.33148629928709,3,3
5210,YEMEN,False,25871,862.3666666666667,49771,2927.705882352941,2065.339215686274,2.394966428456118,4,3
5610,BRUNEI,False,274481,9149.366666666667,190608,11212.235294117647,2062.86862745098,0.2254657292254451,14,10
6227,TUVALU,False,6472,215.73333333333332,32009,1882.8823529411766,1667.1490196078432,7.727823020431907,1,3
4031,"SVALBARD, JAN MAYEN ISLAND",False,2257,75.23333333333333,29085,1710.8823529411766,1635.6490196078432,21.741014881805626,1,2
4091,FAROE ISLANDS,False,475263,15842.1,291068,17121.647058823528,1279.5470588235275,0.08076877805489976,7,8
7960,ZIMBABWE,False,55546,1851.5333333333333,52072,3063.0588235294117,1211.5254901960784,0.6543363105512972,7,4
6413,WALLIS AND FUTUNA,False,18425,614.1666666666666,30992,1823.0588235294117,1208.8921568627452,1.968345438582489,2,2
7550,GABON,False,858116,28603.866666666665,506398,29788.117647058825,1184.2509803921603,0.04140177949340743,16,11
3170,FRENCH GUIANA,False,80221,2674.0333333333333,62731,3690.0588235294117,1016.0254901960784,0.3799599195457842,5,3
2050,GUATEMALA,False,6500192,216673.06666666668,3690039,217061.11764705883,388.050980392145,0.0017909516229311917,30,17
7881,MAYOTTE,False,63713,2123.766666666667,39866,2345.0588235294117,221.29215686274483,0.10419796126194567,4,4
3720,FALKLAND ISLANDS (ISLAS MALVINAS),False,33121,1104.0333333333333,20790,1222.9411764705883,118.90784313725499,0.10770312774727966,4,4
6029,HEARD AND MCDONALD ISLANDS,False,11113,370.43333333333334,5713,336.05882352941177,-34.37450980392157,-0.09279540125237533,2,1
5070,IRAN,False,3770,125.66666666666667,0,0.0,-125.66666666666667,-1.0,1,0
5020,SYRIA,False,13744,458.1333333333333,2133,125.47058823529412,-332.6627450980392,-0.7261264808600971,1,1
6022,NORFOLK ISLAND,False,14389,479.6333333333333,0,0.0,-479.6333333333333,-1.0,1,0
6863,FIJI,False,293273,9775.766666666666,157766,9280.35294117647,-495.41372549019616,-0.0506777363231729,15,10
4803,KOSOVO,False,25075,835.8333333333334,4574,269.05882352941177,-566.7745098039215,-0.6780951263855491,5,1
7370,WESTERN SAHARA,False,17536,584.5333333333333,0,0.0,-584.5333333333333,-1.0,3,0
2774,SINT MAARTEN,False,148420,4947.333333333333,73638,4331.64705882353,-615.6862745098033,-0.12444810830948727,14,10
7323,SOUTH SUDAN,False,20523,684.1,0,0.0,-684.1,-1.0,3,0
4643,TURKMENISTAN,False,133703,4456.766666666666,63338,3725.764705882353,-731.0019607843133,-0.16402069380290196,2,4
7560,CHAD,False,94829,3160.9666666666667,40393,2376.0588235294117,-784.907843137255,-0.2483125973501529,6,3
6225,PITCAIRN ISLANDS,False,26969,898.9666666666667,0,0.0,-898.9666666666667,-1.0,3,0
2488,ST VINCENT AND THE GRENADINES,False,51021,1700.7,11708,688.7058823529412,-1011.9941176470588,-0.5950456386470623,5,3
6810,MARSHALL ISLANDS,False,109803,3660.1,44435,2613.823529411765,-1046.276470588235,-0.28586007775422395,5,5
7380,EQUATORIAL GUINEA,False,58355,1945.1666666666667,10584,622.5882352941177,-1322.578431372549,-0.6799306476081992,3,2
7890,COMOROS,False,55279,1842.6333333333334,7111,418.29411764705884,-1424.3392156862747,-0.7729911262972962,4,2
7610,BENIN,False,46500,1550.0,0,0.0,-1550.0,-1.0,2,0
1010,GREENLAND,False,63404,2113.4666666666667,8565,503.8235294117647,-1609.643137254902,-0.7616127392222425,7,2
5530,LAOS,False,1331291,44376.36666666667,724553,42620.76470588235,-1755.601960784319,-0.03956164266379745,13,17
7940,ZAMBIA,False,268824,8960.8,118060,6944.705882352941,-2016.0941176470578,-0.22499041577170095,8,6
7650,LIBERIA,False,138691,4623.033333333334,43735,2572.6470588235293,-2050.3862745098045,-0.4435153559733085,5,5
1610,ST PIERRE AND MIQUELON,False,113768,3792.266666666667,28954,1703.1764705882354,-2089.0901960784313,-0.5508816704376708,1,1
7670,BURUNDI,False,69811,2327.0333333333333,0,0.0,-2327.0333333333333,-1.0,4,0
7741,ERITREA,False,95960,3198.6666666666665,8385,493.2352941176471,-2705.431372549019,-0.8457997204717651,4,1
5083,WEST BANK ADMINISTERED BY ISRAEL,False,87940,2931.3333333333335,0,0.0,-2931.3333333333335,-1.0,2,0
7490,GHANA,False,1317299,43909.96666666667,695322,40901.294117647056,-3008.6725490196113,-0.06851912623526499,21,15
2485,MONTSERRAT,False,430923,14364.1,190497,11205.70588235294,-3158.39411764706,-0.2198811006361039,21,11
2486,DOMINICA,False,594509,19816.966666666667,278206,16365.058823529413,-3451.9078431372545,-0.17418951654914835,18,10
7500,GAMBIA,False,213538,7117.933333333333,62025,3648.529411764706,-3469.4039215686275,-0.4874173104883385,3,5
6830,PALAU,False,282369,9412.3,99219,5836.411764705882,-3575.8882352941173,-0.3799165172480815,4,3
6223,SOLOMON ISLANDS,False,139667,4655.566666666667,17475,1027.9411764705883,-3627.6254901960783,-0.7792017062432954,5,3
6226,KIRIBATI,False,108899,3629.9666666666667,0,0.0,-3629.9666666666667,-1.0,13,0
7970,MALAWI,False,160570,5352.333333333333,28634,1684.3529411764705,-3667.9803921568628,-0.6853049247350432,7,4
6040,PAPUA NEW GUINEA,False,312802,10426.733333333334,104380,6140.0,-4286.733333333334,-0.41112908485239863,16,7
7480,COTE D'IVOIRE,False,389936,12997.866666666667,145042,8531.882352941177,-4465.98431372549,-0.34359363949921196,15,6
7770,DJIBOUTI,False,2285131,76171.03333333334,1218392,71670.11764705883,-4500.915686274515,-0.059089597308966284,11,7
7780,UGANDA,False,361094,12036.466666666667,125631,7390.058823529412,-4646.407843137255,-0.38602755873572436,16,6
4642,TAJIKISTAN,False,185754,6191.8,13102,770.7058823529412,-5421.094117647059,-0.8755279753298004,8,2
5740,MONGOLIA,False,625688,20856.266666666666,260210,15306.470588235294,-5549.796078431373,-0.26609729186582,27,13
7580,ST HELENA,False,344481,11482.7,100438,5908.117647058823,-5574.582352941177,-0.4854766172538843,20,6
2839,MARTINIQUE,False,170592,5686.4,0,0.0,-5686.4,-1.0,8,0
7690,RWANDA,False,175762,5858.733333333334,0,0.0,-5858.733333333334,-1.0,5,0
6024,CHRISTMAS ISLAND,False,239269,7975.633333333333,34447,2026.2941176470588,-5949.339215686275,-0.7459394090775998,12,8
2481,ANGUILLA,False,228272,7609.066666666667,26652,1567.764705882353,-6041.301960784313,-0.7939609712252462,5,5
6820,MICRONESIA,False,302594,10086.466666666667,41447,2438.0588235294117,-7648.407843137255,-0.758284153995511,7,5
6224,VANUATU,False,236821,7894.033333333334,0,0.0,-7894.033333333334,-1.0,4,0
7700,SOMALIA,False,263092,8769.733333333334,9215,542.0588235294117,-8227.674509803921,-0.9381898168477857,3,1
7904,REUNION,False,577230,19241.0,186563,10974.29411764706,-8266.70588235294,-0.42964013732929374,19,12
2360,BAHAMAS,False,1396450,46548.333333333336,633208,37247.529411764706,-9300.80392156863,-0.1998096012367495,30,16
7850,MAURITIUS,False,2276716,75890.53333333334,1103031,64884.17647058824,-11006.356862745102,-0.14502937822826958,30,17
2489,GRENADA,False,643524,21450.8,173205,10188.529411764706,-11262.270588235293,-0.5250279984072992,14,8
6862,NAURU,False,1691355,56378.5,727439,42790.529411764706,-13587.970588235294,-0.24101333998306612,27,17
4752,VATICAN CITY,False,545368,18178.933333333334,60639,3567.0,-14611.933333333334,-0.8037838670402371,11,3
2831,GUADELOUPE,False,1136464,37882.13333333333,361658,21274.0,-16608.13333333333,-0.43841599909895956,26,11
6023,COCOS (KEELING) ISLANDS,False,814946,27164.866666666665,170281,10016.529411764706,-17148.33725490196,-0.6312689646271763,15,7
3550,URUGUAY,False,7862305,262076.83333333334,4163260,244897.64705882352,-17179.18627450982,-0.06555019020952438,30,16
2482,BRITISH VIRGIN ISLANDS,False,793515,26450.5,156836,9225.64705882353,-17224.85294117647,-0.6512108633551906,22,9
6414,FRENCH POLYNESIA,False,883988,29466.266666666666,172596,10152.70588235294,-19313.560784313726,-0.6554464806416057,21,11
7950,ESWATINI,False,5319830,177327.66666666666,2656315,156253.82352941178,-21073.84313725488,-0.11884125885933318,30,16
4271,ANDORRA,False,1978585,65952.83333333333,750189,44128.76470588235,-21824.06862745098,-0.3309041859831796,19,17
2320,BERMUDA,False,1298664,43288.8,326598,19211.647058823528,-24077.152941176475,-0.5561982069536803,21,12
5180,QATAR,False,2974140,99138.0,1210758,71221.05882352941,-27916.941176470587,-0.2815967759735983,30,16
7800,SEYCHELLES,False,1524160,50805.333333333336,279772,16457.176470588234,-34348.156862745105,-0.6760738412518064,19,11
6143,TOKELAU,False,2087668,69588.93333333333,591304,34782.58823529412,-34806.345098039215,-0.5001706942584627,16,11
5360,NEPAL,False,1222573,40752.433333333334,68163,4009.5882352941176,-36742.845098039215,-0.9016110718469789,18,7
7643,CABO VERDE,False,1305462,43515.4,59931,3525.3529411764707,-39990.04705882353,-0.9189860844396129,11,3
5660,MACAU,False,2929958,97665.26666666666,980249,57661.705882352944,-40003.56078431372,-0.40959864391551404,30,15
6150,SAMOA,False,1401022,46700.73333333333,104611,6153.588235294118,-40547.14509803921,-0.868233584441341,13,2
7420,CAMEROON,False,2543366,84778.86666666667,590676,34745.64705882353,-50033.21960784314,-0.590161458569193,28,17
2080,BELIZE,False,2758618,91953.93333333333,694871,40874.76470588235,-51079.168627450985,-0.5554865004228674,23,11
6142,COOK ISLANDS,False,1939581,64652.7,69812,4106.588235294118,-60546.11176470588,-0.9364823397121216,12,6
7630,CONGO (BRAZZAVILLE),False,3073631,102454.36666666667,691141,40655.35294117647,-61799.0137254902,-0.603185747334246,21,9
5250,BAHRAIN,False,5495851,183195.03333333333,2049650,120567.64705882352,-62627.3862745098,-0.3418618132542702,27,16
5310,AFGHANISTAN,False,3418751,113958.36666666667,848481,49910.64705882353,-64047.71960784314,-0.5620273568432723,23,16
2440,CAYMAN ISLANDS,False,5065236,168841.2,1118499,65794.05882352941,-103047.1411764706,-0.610319881500905,25,12
2720,BARBADOS,False,14833076,494435.86666666664,6470990,380646.4705882353,-113789.39607843134,-0.23013984977579433,30,17
7810,BRITISH INDIAN OCEAN TERRITORIES,False,4567917,152263.9,323964,19056.70588235294,-133207.19411764704,-0.874844228458926,8,5
7470,SIERRA LEONE,False,10514093,350469.76666666666,3280412,192965.41176470587,-157504.3549019608,-0.44940924976208824,30,17
3350,BOLIVIA,False,8636059,287868.63333333336,2216067,130356.88235294117,-157511.7509803922,-0.5471653828918683,30,17
4622,BELARUS,False,39962600,1332086.6666666667,18436384,1084493.1764705882,-247593.49019607855,-0.18586890507330245,30,17
7290,EGYPT,False,26687733,889591.1,10838336,637549.1764705882,-252041.92352941178,-0.28332334207189325,30,17
3070,VENEZUELA,False,100379019,3345967.3,45253872,2661992.470588235,-683974.8294117646,-0.20441766702614358,30,17
5570,MALAYSIA,False,9771667851,325722261.7,5523693013,324923118.4117647,-799143.2882353067,-0.0024534500161715743,30,17
4910,CYPRUS,False,67241850,2241395.0,19711312,1159488.9411764706,-1081906.0588235294,-0.4826931704690737,28,17
5650,PHILIPPINES,False,5877586563,195919552.1,3262432173,191907774.88235295,-4011777.217647046,-0.02047665572244357,30,17
5170,SAUDI ARABIA,False,183319907,6110663.566666666,31391390,1846552.3529411764,-4264111.2137254905,-0.6978147573016428,30,17
2190,NICARAGUA,False,1326529501,44217650.03333333,656974599,38645564.64705882,-5572085.386274509,-0.12601495968406307,30,17
2150,HONDURAS,False,1259286128,41976204.266666666,593119481,34889381.23529412,-7086823.031372547,-0.16882953461802638,30,17
5820,HONG KONG,False,637513668,21250455.6,170154718,10009101.05882353,-11241354.541176472,-0.5289935779624636,30,17
7910,SOUTH AFRICA,False,2506309717,83543657.23333333,879148434,51714613.76470588,-31829043.468627453,-0.38098695368016383,30,17
5700,CHINA,True,76397425780,2546580859.3333335,32375964205,1904468482.6470587,-642112376.6862748,-0.25214686363988953,30,17
