year,month,month_label,event_time_month,analysis_phase,target_import_value_usd,target_value_yoy_pct,other_origins_import_value_usd,other_origins_value_yoy_pct,all_origins_import_value_usd,all_origins_value_yoy_pct,target_share,observed_policy_hts8_count,target_share_yoy_change_percentage_points
2016,1,2016-01,-30,clean_pre,2248575882,,17111594693,,19360170575,,0.11614442513763854,702,
2016,2,2016-02,-29,clean_pre,2091079850,,18555924525,,20647004375,,0.10127763873251952,712,
2016,3,2016-03,-28,clean_pre,1977993238,,20919480501,,22897473739,,0.08638478028390502,720,
2016,4,2016-04,-27,clean_pre,2128433726,,20144922661,,22273356387,,0.09555963138282451,724,
2016,5,2016-05,-26,clean_pre,2234237100,,19336342326,,21570579426,,0.10357798257876061,724,
2016,6,2016-06,-25,clean_pre,2319514014,,20532808699,,22852322713,,0.10150014259515502,725,
2016,7,2016-07,-24,clean_pre,2315942507,,19257716615,,21573659122,,0.10735047281053448,771,
2016,8,2016-08,-23,clean_pre,2473723469,,20354805766,,22828529235,,0.1083610531162631,771,
2016,9,2016-09,-22,clean_pre,2290401499,,19658916074,,21949317573,,0.10434955398419485,771,
2016,10,2016-10,-21,clean_pre,2339654712,,20253281003,,22592935715,,0.10355691449370372,771,
2016,11,2016-11,-20,clean_pre,2370078168,,20091959928,,22462038096,,0.10551483164041375,771,
2016,12,2016-12,-19,clean_pre,2393893823,,19901655180,,22295549003,,0.10737092962715954,771,
2017,1,2017-01,-18,clean_pre,2707027493,0.20388531900121126,33507259765,0.9581611396340008,36214287258,0.8705562080513849,0.07475026289249964,797,-4.139416224513889
2017,2,2017-02,-17,clean_pre,2218753792,0.061056464199585686,32097601212,0.7297764478808689,34316355004,0.6620500669603796,0.06465587011619901,801,-3.6621768616320507
2017,3,2017-03,-16,clean_pre,2359189749,0.19271881403671412,38738182826,0.8517755650838569,41097372575,0.7948430924500252,0.05740488019506926,802,-2.897990008883576
2017,4,2017-04,-15,clean_pre,2532351363,0.1897722405287615,35721272991,0.773214699908249,38253624354,0.7174611535568566,0.06619899174952827,807,-2.9360639633296244
2017,5,2017-05,-14,clean_pre,2819635853,0.26201281547065886,36448607808,0.8849794440694471,39268243661,0.8204538174652926,0.07180448092717666,807,-3.177350165158395
2017,6,2017-06,-13,clean_pre,2849544297,0.2285091962371735,37795711920,0.8407472876246467,40645256217,0.7786050340466326,0.07010767214227007,810,-3.1392470452884957
2017,7,2017-07,-12,clean_pre,2753985286,0.18914233737495798,34568977838,0.7950714785715524,37322963124,0.7300246987744169,0.07378795935494974,812,-3.3562513455584737
2017,8,2017-08,-11,clean_pre,2780482550,0.12400702214464053,36443419923,0.7904086308636702,39223902473,0.7181966507445042,0.0708874531776628,812,-3.7473599938600293
2017,9,2017-09,-10,clean_pre,2608833909,0.1390290785868893,35143819211,0.7876783785388676,37752653120,0.7199921133967184,0.06910332634656433,814,-3.5246227637630523
2017,10,2017-10,-9,clean_pre,2766813099,0.18257325955369436,38156923199,0.8839872509223586,40923736298,0.8113509821935064,0.06760900517129023,815,-3.5947909322413487
2017,11,2017-11,-8,clean_pre,2679248144,0.13044716422196925,38007572105,0.8916806643652988,40686820249,0.8113592397586324,0.06585051688982381,815,-3.9664314750589944
2017,12,2017-12,-7,clean_pre,2788579039,0.16487164643976776,39293976378,0.9744074561943044,42082555417,0.8874868437344844,0.06626448920146859,815,-4.110644042569095
2018,1,2018-01,-6,clean_pre,2910946910,0.07532964387222055,34039475868,0.01588360572403256,36950422778,0.020327212703527178,0.0787797998277074,790,0.40295369352077587
2018,2,2018-02,-5,clean_pre,2463926887,0.11050036100625625,34746925649,0.08253963962919211,37210852536,0.0843474643989028,0.06621527643356867,800,0.15594063173696576
2018,3,2018-03,-4,clean_pre,2734850473,0.1592329418009861,40780492600,0.05272084607513541,43515343073,0.05883516016960361,0.06284795844105145,807,0.5443078245982197
2018,4,2018-04,-3,clean_pre,2765909977,0.09222993989400831,36859728475,0.031870518284352146,39625638452,0.03586625113749607,0.06980101987127472,807,0.36020281217464534
2018,5,2018-05,-2,clean_pre,3218257424,0.1413734225913888,38938576437,0.06831450578623977,42156833861,0.07356046338453527,0.07634011213012998,810,0.4535631202953319
2018,6,2018-06,-1,announcement_anticipation,3255561547,0.14248497573013866,38541182349,0.019723677399645076,41796743896,0.028330186254758725,0.0778903149752668,811,0.7782642832996733
2018,7,2018-07,0,effective_month_transition,2574071705,-0.06532844671124362,36987708638,0.06996824758125207,39561780343,0.05998498060193834,0.06506460737314751,812,-0.8723351981802228
2018,8,2018-08,1,immediate_post,2236740201,-0.19555682843612884,39300903248,0.0784087588661403,41537643449,0.058988036123959794,0.053848509816072594,812,-1.703894336159021
2018,9,2018-09,2,immediate_post,2064082060,-0.2088104754851222,36587820118,0.041088331872252186,38651902178,0.023819493033818334,0.05340182355048079,812,-1.5701502796083537
2018,10,2018-10,3,immediate_post,2129978570,-0.23016897282659568,41012723839,0.07484357753653585,43142702409,0.05422198244172646,0.04937054127503299,812,-1.8238463896257238
2018,11,2018-11,4,immediate_post,1948740426,-0.2726539979642886,39863790025,0.04883810822938121,41812530451,0.027667686860529922,0.04660661301720842,812,-1.9243903872615389
2018,12,2018-12,5,immediate_post,2014291697,-0.2776637603493081,40621351160,0.03378061739618629,42635642857,0.013142914790211872,0.047244313959471346,813,-1.9020175241997241
2019,1,2019-01,6,later_post_monitoring,2137358462,-0.26575147947304884,36512759828,0.07265928446110703,38650118290,0.04599935221883268,0.05530017905670943,795,-2.3479620770997975
2019,2,2019-02,7,later_post_monitoring,1727784539,-0.29876793499189574,36709082925,0.05646995350958395,38436867464,0.032947778522781225,0.04495123179895563,800,-2.126404463461304
2019,3,2019-03,8,later_post_monitoring,1795921575,-0.3433200122893885,42993778752,0.054273158828885754,44789700327,0.029285239733998592,0.04009675353682569,803,-2.2751204904225766
2019,4,2019-04,9,later_post_monitoring,1898209183,-0.31371259412467856,40204993045,0.0907566254121735,42103202228,0.06252426138196271,0.045084674859662555,806,-2.471634501161217
2019,5,2019-05,10,later_post_monitoring,1928138969,-0.400874847791542,42043502966,0.07973908686732713,43971641935,0.043048965204166095,0.04384960133738522,810,-3.249051079274476
2019,6,2019-06,11,later_post_monitoring,1809569519,-0.4441605563662225,40451002522,0.049552713658499184,42260572041,0.011097231548804664,0.042819333284092966,810,-3.5070981691173833
2019,7,2019-07,12,later_post_monitoring,1930571521,-0.2499931073209944,39797393519,0.07596266393515977,41727965040,0.054754479657366614,0.04626565228257294,813,-1.8798955090574567
2019,8,2019-08,13,later_post_monitoring,1844012150,-0.17558053940480858,39514638808,0.00543843887381588,41358650958,-0.004309163354916061,0.04458588728806961,813,-0.9262622528002986
2019,9,2019-09,14,later_post_monitoring,1802900732,-0.12653631028603582,38097940425,0.04127385294148942,39900841157,0.032312484214835735,0.04518452944152302,814,-0.8217294108957767
2019,10,2019-10,15,later_post_monitoring,1750679672,-0.1780763916324285,40236213602,-0.01893339832897413,41986893274,-0.02679037404849462,0.041695861148271535,814,-0.7674680126761458
2019,11,2019-11,16,later_post_monitoring,1634780913,-0.16110894442952353,38041685235,-0.045708267800359505,39676466148,-0.051086702477938964,0.04120278522038701,814,-0.5403827796821408
2019,12,2019-12,17,later_post_monitoring,1722204016,-0.14500763788830728,39863779008,-0.018649604958142905,41585983024,-0.02461930353719681,0.04141308899698453,815,-0.5831224962486815
