policy_id,year,month,canonical_hts8,hts10,origin_code,origin_name,import_value_consumption_usd,detail_row_count,source_url,source_file_name,source_sha256
us_301_solar2024,2026,7,85414200,8541420080,1220,CANADA,0,1,https://www.census.gov/trade/downloads/2026/Merch/im_m/IMDB2607.ZIP,IMDB2607.ZIP,55274118bcdbf4e2e6585322069d795d3f24d1b29ef8256d73c4058c2acf6997
us_301_solar2024,2026,7,85414200,8541420010,2010,MEXICO,0,1,https://www.census.gov/trade/downloads/2026/Merch/im_m/IMDB2607.ZIP,IMDB2607.ZIP,55274118bcdbf4e2e6585322069d795d3f24d1b29ef8256d73c4058c2acf6997
us_301_solar2024,2026,7,85414200,8541420080,2010,MEXICO,0,1,https://www.census.gov/trade/downloads/2026/Merch/im_m/IMDB2607.ZIP,IMDB2607.ZIP,55274118bcdbf4e2e6585322069d795d3f24d1b29ef8256d73c4058c2acf6997
us_301_solar2024,2026,7,85414200,8541420010,4010,SWEDEN,0,1,https://www.census.gov/trade/downloads/2026/Merch/im_m/IMDB2607.ZIP,IMDB2607.ZIP,55274118bcdbf4e2e6585322069d795d3f24d1b29ef8256d73c4058c2acf6997
us_301_solar2024,2026,7,85414200,8541420080,4039,NORWAY,0,1,https://www.census.gov/trade/downloads/2026/Merch/im_m/IMDB2607.ZIP,IMDB2607.ZIP,55274118bcdbf4e2e6585322069d795d3f24d1b29ef8256d73c4058c2acf6997
us_301_solar2024,2026,7,85414200,8541420080,4099,DENMARK,0,2,https://www.census.gov/trade/downloads/2026/Merch/im_m/IMDB2607.ZIP,IMDB2607.ZIP,55274118bcdbf4e2e6585322069d795d3f24d1b29ef8256d73c4058c2acf6997
us_301_solar2024,2026,7,85414200,8541420010,4120,UNITED KINGDOM,0,4,https://www.census.gov/trade/downloads/2026/Merch/im_m/IMDB2607.ZIP,IMDB2607.ZIP,55274118bcdbf4e2e6585322069d795d3f24d1b29ef8256d73c4058c2acf6997
us_301_solar2024,2026,7,85414200,8541420010,4210,NETHERLANDS,0,1,https://www.census.gov/trade/downloads/2026/Merch/im_m/IMDB2607.ZIP,IMDB2607.ZIP,55274118bcdbf4e2e6585322069d795d3f24d1b29ef8256d73c4058c2acf6997
us_301_solar2024,2026,7,85414200,8541420080,4279,FRANCE,8340,2,https://www.census.gov/trade/downloads/2026/Merch/im_m/IMDB2607.ZIP,IMDB2607.ZIP,55274118bcdbf4e2e6585322069d795d3f24d1b29ef8256d73c4058c2acf6997
us_301_solar2024,2026,7,85414200,8541420010,4280,GERMANY,0,2,https://www.census.gov/trade/downloads/2026/Merch/im_m/IMDB2607.ZIP,IMDB2607.ZIP,55274118bcdbf4e2e6585322069d795d3f24d1b29ef8256d73c4058c2acf6997
us_301_solar2024,2026,7,85414200,8541420080,4280,GERMANY,28437,7,https://www.census.gov/trade/downloads/2026/Merch/im_m/IMDB2607.ZIP,IMDB2607.ZIP,55274118bcdbf4e2e6585322069d795d3f24d1b29ef8256d73c4058c2acf6997
us_301_solar2024,2026,7,85414200,8541420010,4632,AZERBAIJAN,0,1,https://www.census.gov/trade/downloads/2026/Merch/im_m/IMDB2607.ZIP,IMDB2607.ZIP,55274118bcdbf4e2e6585322069d795d3f24d1b29ef8256d73c4058c2acf6997
us_301_solar2024,2026,7,85414200,8541420010,4633,GEORGIA,0,2,https://www.census.gov/trade/downloads/2026/Merch/im_m/IMDB2607.ZIP,IMDB2607.ZIP,55274118bcdbf4e2e6585322069d795d3f24d1b29ef8256d73c4058c2acf6997
us_301_solar2024,2026,7,85414200,8541420080,4633,GEORGIA,353937,9,https://www.census.gov/trade/downloads/2026/Merch/im_m/IMDB2607.ZIP,IMDB2607.ZIP,55274118bcdbf4e2e6585322069d795d3f24d1b29ef8256d73c4058c2acf6997
us_301_solar2024,2026,7,85414200,8541420080,4644,UZBEKISTAN,1502350,14,https://www.census.gov/trade/downloads/2026/Merch/im_m/IMDB2607.ZIP,IMDB2607.ZIP,55274118bcdbf4e2e6585322069d795d3f24d1b29ef8256d73c4058c2acf6997
us_301_solar2024,2026,7,85414200,8541420080,4759,ITALY,0,1,https://www.census.gov/trade/downloads/2026/Merch/im_m/IMDB2607.ZIP,IMDB2607.ZIP,55274118bcdbf4e2e6585322069d795d3f24d1b29ef8256d73c4058c2acf6997
us_301_solar2024,2026,7,85414200,8541420010,4890,TURKEY,1300870,5,https://www.census.gov/trade/downloads/2026/Merch/im_m/IMDB2607.ZIP,IMDB2607.ZIP,55274118bcdbf4e2e6585322069d795d3f24d1b29ef8256d73c4058c2acf6997
us_301_solar2024,2026,7,85414200,8541420080,4890,TURKEY,214801,4,https://www.census.gov/trade/downloads/2026/Merch/im_m/IMDB2607.ZIP,IMDB2607.ZIP,55274118bcdbf4e2e6585322069d795d3f24d1b29ef8256d73c4058c2acf6997
us_301_solar2024,2026,7,85414200,8541420010,5200,UNITED ARAB EMIRATES,0,1,https://www.census.gov/trade/downloads/2026/Merch/im_m/IMDB2607.ZIP,IMDB2607.ZIP,55274118bcdbf4e2e6585322069d795d3f24d1b29ef8256d73c4058c2acf6997
us_301_solar2024,2026,7,85414200,8541420010,5330,INDIA,9100,4,https://www.census.gov/trade/downloads/2026/Merch/im_m/IMDB2607.ZIP,IMDB2607.ZIP,55274118bcdbf4e2e6585322069d795d3f24d1b29ef8256d73c4058c2acf6997
us_301_solar2024,2026,7,85414200,8541420080,5330,INDIA,3195792,3,https://www.census.gov/trade/downloads/2026/Merch/im_m/IMDB2607.ZIP,IMDB2607.ZIP,55274118bcdbf4e2e6585322069d795d3f24d1b29ef8256d73c4058c2acf6997
us_301_solar2024,2026,7,85414200,8541420080,5420,SRI LANKA,3337,1,https://www.census.gov/trade/downloads/2026/Merch/im_m/IMDB2607.ZIP,IMDB2607.ZIP,55274118bcdbf4e2e6585322069d795d3f24d1b29ef8256d73c4058c2acf6997
us_301_solar2024,2026,7,85414200,8541420010,5490,THAILAND,19964753,6,https://www.census.gov/trade/downloads/2026/Merch/im_m/IMDB2607.ZIP,IMDB2607.ZIP,55274118bcdbf4e2e6585322069d795d3f24d1b29ef8256d73c4058c2acf6997
us_301_solar2024,2026,7,85414200,8541420080,5490,THAILAND,0,3,https://www.census.gov/trade/downloads/2026/Merch/im_m/IMDB2607.ZIP,IMDB2607.ZIP,55274118bcdbf4e2e6585322069d795d3f24d1b29ef8256d73c4058c2acf6997
us_301_solar2024,2026,7,85414200,8541420080,5520,VIETNAM,1541964,8,https://www.census.gov/trade/downloads/2026/Merch/im_m/IMDB2607.ZIP,IMDB2607.ZIP,55274118bcdbf4e2e6585322069d795d3f24d1b29ef8256d73c4058c2acf6997
us_301_solar2024,2026,7,85414200,8541420010,5530,LAOS,0,2,https://www.census.gov/trade/downloads/2026/Merch/im_m/IMDB2607.ZIP,IMDB2607.ZIP,55274118bcdbf4e2e6585322069d795d3f24d1b29ef8256d73c4058c2acf6997
us_301_solar2024,2026,7,85414200,8541420080,5530,LAOS,78558,2,https://www.census.gov/trade/downloads/2026/Merch/im_m/IMDB2607.ZIP,IMDB2607.ZIP,55274118bcdbf4e2e6585322069d795d3f24d1b29ef8256d73c4058c2acf6997
us_301_solar2024,2026,7,85414200,8541420010,5570,MALAYSIA,54161645,3,https://www.census.gov/trade/downloads/2026/Merch/im_m/IMDB2607.ZIP,IMDB2607.ZIP,55274118bcdbf4e2e6585322069d795d3f24d1b29ef8256d73c4058c2acf6997
us_301_solar2024,2026,7,85414200,8541420080,5570,MALAYSIA,38032,8,https://www.census.gov/trade/downloads/2026/Merch/im_m/IMDB2607.ZIP,IMDB2607.ZIP,55274118bcdbf4e2e6585322069d795d3f24d1b29ef8256d73c4058c2acf6997
us_301_solar2024,2026,7,85414200,8541420010,5590,SINGAPORE,0,2,https://www.census.gov/trade/downloads/2026/Merch/im_m/IMDB2607.ZIP,IMDB2607.ZIP,55274118bcdbf4e2e6585322069d795d3f24d1b29ef8256d73c4058c2acf6997
us_301_solar2024,2026,7,85414200,8541420080,5590,SINGAPORE,0,1,https://www.census.gov/trade/downloads/2026/Merch/im_m/IMDB2607.ZIP,IMDB2607.ZIP,55274118bcdbf4e2e6585322069d795d3f24d1b29ef8256d73c4058c2acf6997
us_301_solar2024,2026,7,85414200,8541420010,5600,INDONESIA,0,9,https://www.census.gov/trade/downloads/2026/Merch/im_m/IMDB2607.ZIP,IMDB2607.ZIP,55274118bcdbf4e2e6585322069d795d3f24d1b29ef8256d73c4058c2acf6997
us_301_solar2024,2026,7,85414200,8541420080,5600,INDONESIA,13001,15,https://www.census.gov/trade/downloads/2026/Merch/im_m/IMDB2607.ZIP,IMDB2607.ZIP,55274118bcdbf4e2e6585322069d795d3f24d1b29ef8256d73c4058c2acf6997
us_301_solar2024,2026,7,85414200,8541420010,5650,PHILIPPINES,34500334,11,https://www.census.gov/trade/downloads/2026/Merch/im_m/IMDB2607.ZIP,IMDB2607.ZIP,55274118bcdbf4e2e6585322069d795d3f24d1b29ef8256d73c4058c2acf6997
us_301_solar2024,2026,7,85414200,8541420080,5650,PHILIPPINES,143839,22,https://www.census.gov/trade/downloads/2026/Merch/im_m/IMDB2607.ZIP,IMDB2607.ZIP,55274118bcdbf4e2e6585322069d795d3f24d1b29ef8256d73c4058c2acf6997
us_301_solar2024,2026,7,85414200,8541420080,5700,CHINA,104278,14,https://www.census.gov/trade/downloads/2026/Merch/im_m/IMDB2607.ZIP,IMDB2607.ZIP,55274118bcdbf4e2e6585322069d795d3f24d1b29ef8256d73c4058c2acf6997
us_301_solar2024,2026,7,85414200,8541420010,5800,"KOREA, SOUTH",142718094,11,https://www.census.gov/trade/downloads/2026/Merch/im_m/IMDB2607.ZIP,IMDB2607.ZIP,55274118bcdbf4e2e6585322069d795d3f24d1b29ef8256d73c4058c2acf6997
us_301_solar2024,2026,7,85414200,8541420080,5800,"KOREA, SOUTH",2155,5,https://www.census.gov/trade/downloads/2026/Merch/im_m/IMDB2607.ZIP,IMDB2607.ZIP,55274118bcdbf4e2e6585322069d795d3f24d1b29ef8256d73c4058c2acf6997
us_301_solar2024,2026,7,85414200,8541420080,5820,HONG KONG,74795,8,https://www.census.gov/trade/downloads/2026/Merch/im_m/IMDB2607.ZIP,IMDB2607.ZIP,55274118bcdbf4e2e6585322069d795d3f24d1b29ef8256d73c4058c2acf6997
us_301_solar2024,2026,7,85414200,8541420010,5830,TAIWAN,6906467,11,https://www.census.gov/trade/downloads/2026/Merch/im_m/IMDB2607.ZIP,IMDB2607.ZIP,55274118bcdbf4e2e6585322069d795d3f24d1b29ef8256d73c4058c2acf6997
us_301_solar2024,2026,7,85414200,8541420080,5830,TAIWAN,18503,8,https://www.census.gov/trade/downloads/2026/Merch/im_m/IMDB2607.ZIP,IMDB2607.ZIP,55274118bcdbf4e2e6585322069d795d3f24d1b29ef8256d73c4058c2acf6997
us_301_solar2024,2026,7,85414200,8541420010,5880,JAPAN,1089920,3,https://www.census.gov/trade/downloads/2026/Merch/im_m/IMDB2607.ZIP,IMDB2607.ZIP,55274118bcdbf4e2e6585322069d795d3f24d1b29ef8256d73c4058c2acf6997
us_301_solar2024,2026,7,85414200,8541420080,5880,JAPAN,8000,11,https://www.census.gov/trade/downloads/2026/Merch/im_m/IMDB2607.ZIP,IMDB2607.ZIP,55274118bcdbf4e2e6585322069d795d3f24d1b29ef8256d73c4058c2acf6997
us_301_solar2024,2026,7,85414200,8541420010,6021,AUSTRALIA,0,2,https://www.census.gov/trade/downloads/2026/Merch/im_m/IMDB2607.ZIP,IMDB2607.ZIP,55274118bcdbf4e2e6585322069d795d3f24d1b29ef8256d73c4058c2acf6997
us_301_solar2024,2026,7,85414200,8541420010,7290,EGYPT,835380,3,https://www.census.gov/trade/downloads/2026/Merch/im_m/IMDB2607.ZIP,IMDB2607.ZIP,55274118bcdbf4e2e6585322069d795d3f24d1b29ef8256d73c4058c2acf6997
us_301_solar2024,2026,7,85414200,8541420010,7490,GHANA,0,1,https://www.census.gov/trade/downloads/2026/Merch/im_m/IMDB2607.ZIP,IMDB2607.ZIP,55274118bcdbf4e2e6585322069d795d3f24d1b29ef8256d73c4058c2acf6997
us_301_solar2024,2026,7,85414200,8541420080,7490,GHANA,179759,7,https://www.census.gov/trade/downloads/2026/Merch/im_m/IMDB2607.ZIP,IMDB2607.ZIP,55274118bcdbf4e2e6585322069d795d3f24d1b29ef8256d73c4058c2acf6997
us_301_solar2024,2026,7,85414200,8541420010,7530,NIGERIA,705600,7,https://www.census.gov/trade/downloads/2026/Merch/im_m/IMDB2607.ZIP,IMDB2607.ZIP,55274118bcdbf4e2e6585322069d795d3f24d1b29ef8256d73c4058c2acf6997
us_301_solar2024,2026,7,85414200,8541420080,7530,NIGERIA,3075072,9,https://www.census.gov/trade/downloads/2026/Merch/im_m/IMDB2607.ZIP,IMDB2607.ZIP,55274118bcdbf4e2e6585322069d795d3f24d1b29ef8256d73c4058c2acf6997
us_301_solar2024,2026,7,85414200,8541420080,7620,ANGOLA,0,2,https://www.census.gov/trade/downloads/2026/Merch/im_m/IMDB2607.ZIP,IMDB2607.ZIP,55274118bcdbf4e2e6585322069d795d3f24d1b29ef8256d73c4058c2acf6997
us_301_solar2024,2026,7,85414200,8541420010,7749,ETHIOPIA,29508970,19,https://www.census.gov/trade/downloads/2026/Merch/im_m/IMDB2607.ZIP,IMDB2607.ZIP,55274118bcdbf4e2e6585322069d795d3f24d1b29ef8256d73c4058c2acf6997
us_301_solar2024,2026,7,85414200,8541420080,7749,ETHIOPIA,0,4,https://www.census.gov/trade/downloads/2026/Merch/im_m/IMDB2607.ZIP,IMDB2607.ZIP,55274118bcdbf4e2e6585322069d795d3f24d1b29ef8256d73c4058c2acf6997
us_301_solar2024,2026,7,85414200,8541420010,7790,KENYA,29832338,10,https://www.census.gov/trade/downloads/2026/Merch/im_m/IMDB2607.ZIP,IMDB2607.ZIP,55274118bcdbf4e2e6585322069d795d3f24d1b29ef8256d73c4058c2acf6997
us_301_solar2024,2026,7,85414200,8541420080,7790,KENYA,381480,5,https://www.census.gov/trade/downloads/2026/Merch/im_m/IMDB2607.ZIP,IMDB2607.ZIP,55274118bcdbf4e2e6585322069d795d3f24d1b29ef8256d73c4058c2acf6997
us_301_solar2024,2026,7,85414200,8541420010,7830,TANZANIA,28159286,5,https://www.census.gov/trade/downloads/2026/Merch/im_m/IMDB2607.ZIP,IMDB2607.ZIP,55274118bcdbf4e2e6585322069d795d3f24d1b29ef8256d73c4058c2acf6997
us_301_solar2024,2026,7,85414200,8541420080,7830,TANZANIA,0,2,https://www.census.gov/trade/downloads/2026/Merch/im_m/IMDB2607.ZIP,IMDB2607.ZIP,55274118bcdbf4e2e6585322069d795d3f24d1b29ef8256d73c4058c2acf6997
us_301_solar2024,2026,7,85414300,8541430010,1220,CANADA,0,12,https://www.census.gov/trade/downloads/2026/Merch/im_m/IMDB2607.ZIP,IMDB2607.ZIP,55274118bcdbf4e2e6585322069d795d3f24d1b29ef8256d73c4058c2acf6997
us_301_solar2024,2026,7,85414300,8541430080,1220,CANADA,882874,14,https://www.census.gov/trade/downloads/2026/Merch/im_m/IMDB2607.ZIP,IMDB2607.ZIP,55274118bcdbf4e2e6585322069d795d3f24d1b29ef8256d73c4058c2acf6997
us_301_solar2024,2026,7,85414300,8541430080,2010,MEXICO,4250,3,https://www.census.gov/trade/downloads/2026/Merch/im_m/IMDB2607.ZIP,IMDB2607.ZIP,55274118bcdbf4e2e6585322069d795d3f24d1b29ef8256d73c4058c2acf6997
us_301_solar2024,2026,7,85414300,8541430080,2470,DOMINICAN REPUBLIC,0,1,https://www.census.gov/trade/downloads/2026/Merch/im_m/IMDB2607.ZIP,IMDB2607.ZIP,55274118bcdbf4e2e6585322069d795d3f24d1b29ef8256d73c4058c2acf6997
us_301_solar2024,2026,7,85414300,8541430080,3010,COLOMBIA,0,2,https://www.census.gov/trade/downloads/2026/Merch/im_m/IMDB2607.ZIP,IMDB2607.ZIP,55274118bcdbf4e2e6585322069d795d3f24d1b29ef8256d73c4058c2acf6997
us_301_solar2024,2026,7,85414300,8541430080,3370,CHILE,0,1,https://www.census.gov/trade/downloads/2026/Merch/im_m/IMDB2607.ZIP,IMDB2607.ZIP,55274118bcdbf4e2e6585322069d795d3f24d1b29ef8256d73c4058c2acf6997
us_301_solar2024,2026,7,85414300,8541430010,4010,SWEDEN,0,1,https://www.census.gov/trade/downloads/2026/Merch/im_m/IMDB2607.ZIP,IMDB2607.ZIP,55274118bcdbf4e2e6585322069d795d3f24d1b29ef8256d73c4058c2acf6997
us_301_solar2024,2026,7,85414300,8541430080,4010,SWEDEN,18077,3,https://www.census.gov/trade/downloads/2026/Merch/im_m/IMDB2607.ZIP,IMDB2607.ZIP,55274118bcdbf4e2e6585322069d795d3f24d1b29ef8256d73c4058c2acf6997
us_301_solar2024,2026,7,85414300,8541430010,4120,UNITED KINGDOM,0,3,https://www.census.gov/trade/downloads/2026/Merch/im_m/IMDB2607.ZIP,IMDB2607.ZIP,55274118bcdbf4e2e6585322069d795d3f24d1b29ef8256d73c4058c2acf6997
us_301_solar2024,2026,7,85414300,8541430080,4120,UNITED KINGDOM,212636,7,https://www.census.gov/trade/downloads/2026/Merch/im_m/IMDB2607.ZIP,IMDB2607.ZIP,55274118bcdbf4e2e6585322069d795d3f24d1b29ef8256d73c4058c2acf6997
us_301_solar2024,2026,7,85414300,8541430080,4210,NETHERLANDS,22300,4,https://www.census.gov/trade/downloads/2026/Merch/im_m/IMDB2607.ZIP,IMDB2607.ZIP,55274118bcdbf4e2e6585322069d795d3f24d1b29ef8256d73c4058c2acf6997
us_301_solar2024,2026,7,85414300,8541430080,4231,BELGIUM,0,1,https://www.census.gov/trade/downloads/2026/Merch/im_m/IMDB2607.ZIP,IMDB2607.ZIP,55274118bcdbf4e2e6585322069d795d3f24d1b29ef8256d73c4058c2acf6997
us_301_solar2024,2026,7,85414300,8541430080,4279,FRANCE,0,4,https://www.census.gov/trade/downloads/2026/Merch/im_m/IMDB2607.ZIP,IMDB2607.ZIP,55274118bcdbf4e2e6585322069d795d3f24d1b29ef8256d73c4058c2acf6997
us_301_solar2024,2026,7,85414300,8541430010,4280,GERMANY,0,5,https://www.census.gov/trade/downloads/2026/Merch/im_m/IMDB2607.ZIP,IMDB2607.ZIP,55274118bcdbf4e2e6585322069d795d3f24d1b29ef8256d73c4058c2acf6997
us_301_solar2024,2026,7,85414300,8541430080,4280,GERMANY,591211,14,https://www.census.gov/trade/downloads/2026/Merch/im_m/IMDB2607.ZIP,IMDB2607.ZIP,55274118bcdbf4e2e6585322069d795d3f24d1b29ef8256d73c4058c2acf6997
us_301_solar2024,2026,7,85414300,8541430080,4351,CZECH REPUBLIC,3457,3,https://www.census.gov/trade/downloads/2026/Merch/im_m/IMDB2607.ZIP,IMDB2607.ZIP,55274118bcdbf4e2e6585322069d795d3f24d1b29ef8256d73c4058c2acf6997
us_301_solar2024,2026,7,85414300,8541430010,4370,HUNGARY,0,1,https://www.census.gov/trade/downloads/2026/Merch/im_m/IMDB2607.ZIP,IMDB2607.ZIP,55274118bcdbf4e2e6585322069d795d3f24d1b29ef8256d73c4058c2acf6997
us_301_solar2024,2026,7,85414300,8541430080,4370,HUNGARY,0,1,https://www.census.gov/trade/downloads/2026/Merch/im_m/IMDB2607.ZIP,IMDB2607.ZIP,55274118bcdbf4e2e6585322069d795d3f24d1b29ef8256d73c4058c2acf6997
us_301_solar2024,2026,7,85414300,8541430080,4419,SWITZERLAND,9275,1,https://www.census.gov/trade/downloads/2026/Merch/im_m/IMDB2607.ZIP,IMDB2607.ZIP,55274118bcdbf4e2e6585322069d795d3f24d1b29ef8256d73c4058c2acf6997
us_301_solar2024,2026,7,85414300,8541430080,4510,LITHUANIA,0,2,https://www.census.gov/trade/downloads/2026/Merch/im_m/IMDB2607.ZIP,IMDB2607.ZIP,55274118bcdbf4e2e6585322069d795d3f24d1b29ef8256d73c4058c2acf6997
us_301_solar2024,2026,7,85414300,8541430010,4550,POLAND,0,1,https://www.census.gov/trade/downloads/2026/Merch/im_m/IMDB2607.ZIP,IMDB2607.ZIP,55274118bcdbf4e2e6585322069d795d3f24d1b29ef8256d73c4058c2acf6997
us_301_solar2024,2026,7,85414300,8541430080,4550,POLAND,0,2,https://www.census.gov/trade/downloads/2026/Merch/im_m/IMDB2607.ZIP,IMDB2607.ZIP,55274118bcdbf4e2e6585322069d795d3f24d1b29ef8256d73c4058c2acf6997
us_301_solar2024,2026,7,85414300,8541430010,4631,ARMENIA,0,1,https://www.census.gov/trade/downloads/2026/Merch/im_m/IMDB2607.ZIP,IMDB2607.ZIP,55274118bcdbf4e2e6585322069d795d3f24d1b29ef8256d73c4058c2acf6997
us_301_solar2024,2026,7,85414300,8541430080,4631,ARMENIA,0,1,https://www.census.gov/trade/downloads/2026/Merch/im_m/IMDB2607.ZIP,IMDB2607.ZIP,55274118bcdbf4e2e6585322069d795d3f24d1b29ef8256d73c4058c2acf6997
us_301_solar2024,2026,7,85414300,8541430010,4633,GEORGIA,929118,2,https://www.census.gov/trade/downloads/2026/Merch/im_m/IMDB2607.ZIP,IMDB2607.ZIP,55274118bcdbf4e2e6585322069d795d3f24d1b29ef8256d73c4058c2acf6997
us_301_solar2024,2026,7,85414300,8541430080,4633,GEORGIA,0,2,https://www.census.gov/trade/downloads/2026/Merch/im_m/IMDB2607.ZIP,IMDB2607.ZIP,55274118bcdbf4e2e6585322069d795d3f24d1b29ef8256d73c4058c2acf6997
us_301_solar2024,2026,7,85414300,8541430010,4700,SPAIN,15277,5,https://www.census.gov/trade/downloads/2026/Merch/im_m/IMDB2607.ZIP,IMDB2607.ZIP,55274118bcdbf4e2e6585322069d795d3f24d1b29ef8256d73c4058c2acf6997
us_301_solar2024,2026,7,85414300,8541430080,4700,SPAIN,37405,5,https://www.census.gov/trade/downloads/2026/Merch/im_m/IMDB2607.ZIP,IMDB2607.ZIP,55274118bcdbf4e2e6585322069d795d3f24d1b29ef8256d73c4058c2acf6997
us_301_solar2024,2026,7,85414300,8541430010,4759,ITALY,16278,4,https://www.census.gov/trade/downloads/2026/Merch/im_m/IMDB2607.ZIP,IMDB2607.ZIP,55274118bcdbf4e2e6585322069d795d3f24d1b29ef8256d73c4058c2acf6997
us_301_solar2024,2026,7,85414300,8541430080,4759,ITALY,14973,7,https://www.census.gov/trade/downloads/2026/Merch/im_m/IMDB2607.ZIP,IMDB2607.ZIP,55274118bcdbf4e2e6585322069d795d3f24d1b29ef8256d73c4058c2acf6997
us_301_solar2024,2026,7,85414300,8541430010,4791,CROATIA,0,1,https://www.census.gov/trade/downloads/2026/Merch/im_m/IMDB2607.ZIP,IMDB2607.ZIP,55274118bcdbf4e2e6585322069d795d3f24d1b29ef8256d73c4058c2acf6997
us_301_solar2024,2026,7,85414300,8541430010,4890,TURKEY,5400,4,https://www.census.gov/trade/downloads/2026/Merch/im_m/IMDB2607.ZIP,IMDB2607.ZIP,55274118bcdbf4e2e6585322069d795d3f24d1b29ef8256d73c4058c2acf6997
us_301_solar2024,2026,7,85414300,8541430080,4890,TURKEY,696000,4,https://www.census.gov/trade/downloads/2026/Merch/im_m/IMDB2607.ZIP,IMDB2607.ZIP,55274118bcdbf4e2e6585322069d795d3f24d1b29ef8256d73c4058c2acf6997
us_301_solar2024,2026,7,85414300,8541430080,5081,ISRAEL,2720,8,https://www.census.gov/trade/downloads/2026/Merch/im_m/IMDB2607.ZIP,IMDB2607.ZIP,55274118bcdbf4e2e6585322069d795d3f24d1b29ef8256d73c4058c2acf6997
us_301_solar2024,2026,7,85414300,8541430010,5110,JORDAN,0,1,https://www.census.gov/trade/downloads/2026/Merch/im_m/IMDB2607.ZIP,IMDB2607.ZIP,55274118bcdbf4e2e6585322069d795d3f24d1b29ef8256d73c4058c2acf6997
us_301_solar2024,2026,7,85414300,8541430080,5110,JORDAN,245930,5,https://www.census.gov/trade/downloads/2026/Merch/im_m/IMDB2607.ZIP,IMDB2607.ZIP,55274118bcdbf4e2e6585322069d795d3f24d1b29ef8256d73c4058c2acf6997
us_301_solar2024,2026,7,85414300,8541430080,5180,QATAR,0,1,https://www.census.gov/trade/downloads/2026/Merch/im_m/IMDB2607.ZIP,IMDB2607.ZIP,55274118bcdbf4e2e6585322069d795d3f24d1b29ef8256d73c4058c2acf6997
us_301_solar2024,2026,7,85414300,8541430010,5200,UNITED ARAB EMIRATES,0,2,https://www.census.gov/trade/downloads/2026/Merch/im_m/IMDB2607.ZIP,IMDB2607.ZIP,55274118bcdbf4e2e6585322069d795d3f24d1b29ef8256d73c4058c2acf6997
us_301_solar2024,2026,7,85414300,8541430080,5200,UNITED ARAB EMIRATES,402624,8,https://www.census.gov/trade/downloads/2026/Merch/im_m/IMDB2607.ZIP,IMDB2607.ZIP,55274118bcdbf4e2e6585322069d795d3f24d1b29ef8256d73c4058c2acf6997
us_301_solar2024,2026,7,85414300,8541430010,5330,INDIA,501285,9,https://www.census.gov/trade/downloads/2026/Merch/im_m/IMDB2607.ZIP,IMDB2607.ZIP,55274118bcdbf4e2e6585322069d795d3f24d1b29ef8256d73c4058c2acf6997
us_301_solar2024,2026,7,85414300,8541430080,5330,INDIA,109318,8,https://www.census.gov/trade/downloads/2026/Merch/im_m/IMDB2607.ZIP,IMDB2607.ZIP,55274118bcdbf4e2e6585322069d795d3f24d1b29ef8256d73c4058c2acf6997
us_301_solar2024,2026,7,85414300,8541430010,5490,THAILAND,10916467,17,https://www.census.gov/trade/downloads/2026/Merch/im_m/IMDB2607.ZIP,IMDB2607.ZIP,55274118bcdbf4e2e6585322069d795d3f24d1b29ef8256d73c4058c2acf6997
us_301_solar2024,2026,7,85414300,8541430080,5490,THAILAND,302650,4,https://www.census.gov/trade/downloads/2026/Merch/im_m/IMDB2607.ZIP,IMDB2607.ZIP,55274118bcdbf4e2e6585322069d795d3f24d1b29ef8256d73c4058c2acf6997
us_301_solar2024,2026,7,85414300,8541430010,5520,VIETNAM,188218,8,https://www.census.gov/trade/downloads/2026/Merch/im_m/IMDB2607.ZIP,IMDB2607.ZIP,55274118bcdbf4e2e6585322069d795d3f24d1b29ef8256d73c4058c2acf6997
us_301_solar2024,2026,7,85414300,8541430080,5520,VIETNAM,19410828,10,https://www.census.gov/trade/downloads/2026/Merch/im_m/IMDB2607.ZIP,IMDB2607.ZIP,55274118bcdbf4e2e6585322069d795d3f24d1b29ef8256d73c4058c2acf6997
us_301_solar2024,2026,7,85414300,8541430010,5530,LAOS,154500,27,https://www.census.gov/trade/downloads/2026/Merch/im_m/IMDB2607.ZIP,IMDB2607.ZIP,55274118bcdbf4e2e6585322069d795d3f24d1b29ef8256d73c4058c2acf6997
us_301_solar2024,2026,7,85414300,8541430010,5550,CAMBODIA,0,1,https://www.census.gov/trade/downloads/2026/Merch/im_m/IMDB2607.ZIP,IMDB2607.ZIP,55274118bcdbf4e2e6585322069d795d3f24d1b29ef8256d73c4058c2acf6997
us_301_solar2024,2026,7,85414300,8541430010,5570,MALAYSIA,2600,13,https://www.census.gov/trade/downloads/2026/Merch/im_m/IMDB2607.ZIP,IMDB2607.ZIP,55274118bcdbf4e2e6585322069d795d3f24d1b29ef8256d73c4058c2acf6997
us_301_solar2024,2026,7,85414300,8541430080,5570,MALAYSIA,9710471,5,https://www.census.gov/trade/downloads/2026/Merch/im_m/IMDB2607.ZIP,IMDB2607.ZIP,55274118bcdbf4e2e6585322069d795d3f24d1b29ef8256d73c4058c2acf6997
us_301_solar2024,2026,7,85414300,8541430010,5590,SINGAPORE,13793395,14,https://www.census.gov/trade/downloads/2026/Merch/im_m/IMDB2607.ZIP,IMDB2607.ZIP,55274118bcdbf4e2e6585322069d795d3f24d1b29ef8256d73c4058c2acf6997
us_301_solar2024,2026,7,85414300,8541430080,5590,SINGAPORE,0,1,https://www.census.gov/trade/downloads/2026/Merch/im_m/IMDB2607.ZIP,IMDB2607.ZIP,55274118bcdbf4e2e6585322069d795d3f24d1b29ef8256d73c4058c2acf6997
us_301_solar2024,2026,7,85414300,8541430010,5600,INDONESIA,5045687,29,https://www.census.gov/trade/downloads/2026/Merch/im_m/IMDB2607.ZIP,IMDB2607.ZIP,55274118bcdbf4e2e6585322069d795d3f24d1b29ef8256d73c4058c2acf6997
us_301_solar2024,2026,7,85414300,8541430080,5600,INDONESIA,366088,17,https://www.census.gov/trade/downloads/2026/Merch/im_m/IMDB2607.ZIP,IMDB2607.ZIP,55274118bcdbf4e2e6585322069d795d3f24d1b29ef8256d73c4058c2acf6997
us_301_solar2024,2026,7,85414300,8541430010,5650,PHILIPPINES,60656118,26,https://www.census.gov/trade/downloads/2026/Merch/im_m/IMDB2607.ZIP,IMDB2607.ZIP,55274118bcdbf4e2e6585322069d795d3f24d1b29ef8256d73c4058c2acf6997
us_301_solar2024,2026,7,85414300,8541430080,5650,PHILIPPINES,6308136,15,https://www.census.gov/trade/downloads/2026/Merch/im_m/IMDB2607.ZIP,IMDB2607.ZIP,55274118bcdbf4e2e6585322069d795d3f24d1b29ef8256d73c4058c2acf6997
us_301_solar2024,2026,7,85414300,8541430010,5700,CHINA,30408,22,https://www.census.gov/trade/downloads/2026/Merch/im_m/IMDB2607.ZIP,IMDB2607.ZIP,55274118bcdbf4e2e6585322069d795d3f24d1b29ef8256d73c4058c2acf6997
us_301_solar2024,2026,7,85414300,8541430080,5700,CHINA,193199,30,https://www.census.gov/trade/downloads/2026/Merch/im_m/IMDB2607.ZIP,IMDB2607.ZIP,55274118bcdbf4e2e6585322069d795d3f24d1b29ef8256d73c4058c2acf6997
us_301_solar2024,2026,7,85414300,8541430010,5800,"KOREA, SOUTH",13061,17,https://www.census.gov/trade/downloads/2026/Merch/im_m/IMDB2607.ZIP,IMDB2607.ZIP,55274118bcdbf4e2e6585322069d795d3f24d1b29ef8256d73c4058c2acf6997
us_301_solar2024,2026,7,85414300,8541430080,5800,"KOREA, SOUTH",37851,5,https://www.census.gov/trade/downloads/2026/Merch/im_m/IMDB2607.ZIP,IMDB2607.ZIP,55274118bcdbf4e2e6585322069d795d3f24d1b29ef8256d73c4058c2acf6997
us_301_solar2024,2026,7,85414300,8541430080,5820,HONG KONG,0,1,https://www.census.gov/trade/downloads/2026/Merch/im_m/IMDB2607.ZIP,IMDB2607.ZIP,55274118bcdbf4e2e6585322069d795d3f24d1b29ef8256d73c4058c2acf6997
us_301_solar2024,2026,7,85414300,8541430010,5830,TAIWAN,7136,6,https://www.census.gov/trade/downloads/2026/Merch/im_m/IMDB2607.ZIP,IMDB2607.ZIP,55274118bcdbf4e2e6585322069d795d3f24d1b29ef8256d73c4058c2acf6997
us_301_solar2024,2026,7,85414300,8541430080,5830,TAIWAN,75897,6,https://www.census.gov/trade/downloads/2026/Merch/im_m/IMDB2607.ZIP,IMDB2607.ZIP,55274118bcdbf4e2e6585322069d795d3f24d1b29ef8256d73c4058c2acf6997
us_301_solar2024,2026,7,85414300,8541430010,5880,JAPAN,0,2,https://www.census.gov/trade/downloads/2026/Merch/im_m/IMDB2607.ZIP,IMDB2607.ZIP,55274118bcdbf4e2e6585322069d795d3f24d1b29ef8256d73c4058c2acf6997
us_301_solar2024,2026,7,85414300,8541430080,5880,JAPAN,3050,7,https://www.census.gov/trade/downloads/2026/Merch/im_m/IMDB2607.ZIP,IMDB2607.ZIP,55274118bcdbf4e2e6585322069d795d3f24d1b29ef8256d73c4058c2acf6997
us_301_solar2024,2026,7,85414300,8541430010,6021,AUSTRALIA,4925,1,https://www.census.gov/trade/downloads/2026/Merch/im_m/IMDB2607.ZIP,IMDB2607.ZIP,55274118bcdbf4e2e6585322069d795d3f24d1b29ef8256d73c4058c2acf6997
us_301_solar2024,2026,7,85414300,8541430080,6021,AUSTRALIA,0,2,https://www.census.gov/trade/downloads/2026/Merch/im_m/IMDB2607.ZIP,IMDB2607.ZIP,55274118bcdbf4e2e6585322069d795d3f24d1b29ef8256d73c4058c2acf6997
us_301_solar2024,2026,7,85414300,8541430010,6141,NEW ZEALAND,0,2,https://www.census.gov/trade/downloads/2026/Merch/im_m/IMDB2607.ZIP,IMDB2607.ZIP,55274118bcdbf4e2e6585322069d795d3f24d1b29ef8256d73c4058c2acf6997
us_301_solar2024,2026,7,85414300,8541430010,7290,EGYPT,11737521,3,https://www.census.gov/trade/downloads/2026/Merch/im_m/IMDB2607.ZIP,IMDB2607.ZIP,55274118bcdbf4e2e6585322069d795d3f24d1b29ef8256d73c4058c2acf6997
us_301_solar2024,2026,7,85414300,8541430080,7290,EGYPT,44989,3,https://www.census.gov/trade/downloads/2026/Merch/im_m/IMDB2607.ZIP,IMDB2607.ZIP,55274118bcdbf4e2e6585322069d795d3f24d1b29ef8256d73c4058c2acf6997
us_301_solar2024,2026,7,85414300,8541430010,7490,GHANA,11020146,11,https://www.census.gov/trade/downloads/2026/Merch/im_m/IMDB2607.ZIP,IMDB2607.ZIP,55274118bcdbf4e2e6585322069d795d3f24d1b29ef8256d73c4058c2acf6997
us_301_solar2024,2026,7,85414300,8541430080,7490,GHANA,217080,1,https://www.census.gov/trade/downloads/2026/Merch/im_m/IMDB2607.ZIP,IMDB2607.ZIP,55274118bcdbf4e2e6585322069d795d3f24d1b29ef8256d73c4058c2acf6997
us_301_solar2024,2026,7,85414300,8541430010,7530,NIGERIA,17140997,7,https://www.census.gov/trade/downloads/2026/Merch/im_m/IMDB2607.ZIP,IMDB2607.ZIP,55274118bcdbf4e2e6585322069d795d3f24d1b29ef8256d73c4058c2acf6997
us_301_solar2024,2026,7,85414300,8541430080,7620,ANGOLA,0,1,https://www.census.gov/trade/downloads/2026/Merch/im_m/IMDB2607.ZIP,IMDB2607.ZIP,55274118bcdbf4e2e6585322069d795d3f24d1b29ef8256d73c4058c2acf6997
us_301_solar2024,2026,7,85414300,8541430010,7749,ETHIOPIA,51600691,44,https://www.census.gov/trade/downloads/2026/Merch/im_m/IMDB2607.ZIP,IMDB2607.ZIP,55274118bcdbf4e2e6585322069d795d3f24d1b29ef8256d73c4058c2acf6997
us_301_solar2024,2026,7,85414300,8541430080,7749,ETHIOPIA,968544,4,https://www.census.gov/trade/downloads/2026/Merch/im_m/IMDB2607.ZIP,IMDB2607.ZIP,55274118bcdbf4e2e6585322069d795d3f24d1b29ef8256d73c4058c2acf6997
us_301_solar2024,2026,7,85414300,8541430010,7770,DJIBOUTI,40771821,12,https://www.census.gov/trade/downloads/2026/Merch/im_m/IMDB2607.ZIP,IMDB2607.ZIP,55274118bcdbf4e2e6585322069d795d3f24d1b29ef8256d73c4058c2acf6997
us_301_solar2024,2026,7,85414300,8541430010,7790,KENYA,95915124,17,https://www.census.gov/trade/downloads/2026/Merch/im_m/IMDB2607.ZIP,IMDB2607.ZIP,55274118bcdbf4e2e6585322069d795d3f24d1b29ef8256d73c4058c2acf6997
us_301_solar2024,2026,7,85414300,8541430080,7790,KENYA,0,1,https://www.census.gov/trade/downloads/2026/Merch/im_m/IMDB2607.ZIP,IMDB2607.ZIP,55274118bcdbf4e2e6585322069d795d3f24d1b29ef8256d73c4058c2acf6997
