hts8,naics4,metadata_role,child_hts10_count,all_origin_observed_months,china_observed_months,positive_china_months,all_origin_value_usd,china_value_usd,activity_threshold,activity_eligible,main_route_candidate,screening_note
73218110,3334,control,1,29,29,29,101100985,90964350,24,1,1,eligible_by_frozen_24_positive_month_rule
73218150,3334,control,1,29,29,29,439755336,281014407,24,1,1,eligible_by_frozen_24_positive_month_rule
73218210,3334,control,1,29,29,29,58931984,44428675,24,1,1,eligible_by_frozen_24_positive_month_rule
73218250,3334,control,1,29,29,29,41827506,30013141,24,1,1,eligible_by_frozen_24_positive_month_rule
73218900,3334,control,2,29,29,29,366619039,261013648,24,1,1,eligible_by_frozen_24_positive_month_rule
73221100,3334,policy_excluded,1,29,29,27,14157239,12843920,24,1,0,eligible_by_frozen_24_positive_month_rule
73221900,3334,policy_excluded,1,29,29,28,33333559,3590286,24,1,0,eligible_by_frozen_24_positive_month_rule
73229000,3334,policy_excluded,3,29,29,29,1243675335,205145760,24,1,0,eligible_by_frozen_24_positive_month_rule
82055920,3339,policy_excluded,1,29,29,29,88518277,10002652,24,1,0,eligible_by_frozen_24_positive_month_rule
82071300,3331,policy_excluded,1,29,29,29,248088880,20307069,24,1,0,eligible_by_frozen_24_positive_month_rule
82071930,3331,policy_excluded,3,29,29,29,102224496,32358242,24,1,0,eligible_by_frozen_24_positive_month_rule
82072000,3335,policy_excluded,3,29,29,29,188615676,24999250,24,1,0,eligible_by_frozen_24_positive_month_rule
82073030,3335,policy_excluded,2,29,29,29,928118597,122509897,24,1,0,eligible_by_frozen_24_positive_month_rule
82074030,3335,policy_excluded,1,29,29,29,206472771,26436797,24,1,0,eligible_by_frozen_24_positive_month_rule
82074060,3335,policy_excluded,1,29,29,29,73601277,13886467,24,1,0,eligible_by_frozen_24_positive_month_rule
82075040,3335,policy_excluded,2,29,29,29,68060120,24860341,24,1,0,eligible_by_frozen_24_positive_month_rule
82075060,3339,policy_excluded,1,29,29,29,100445761,69948707,24,1,0,eligible_by_frozen_24_positive_month_rule
82075080,3339,policy_excluded,1,29,29,29,108162715,49304224,24,1,0,eligible_by_frozen_24_positive_month_rule
82076000,3335,policy_excluded,3,29,29,29,202463647,16431217,24,1,0,eligible_by_frozen_24_positive_month_rule
82078030,3335,policy_excluded,1,29,29,29,16838275,5539952,24,1,0,eligible_by_frozen_24_positive_month_rule
82078060,3335,policy_excluded,1,29,29,29,46681296,6416989,24,1,0,eligible_by_frozen_24_positive_month_rule
82079045,3335,policy_excluded,1,29,29,29,64750184,11812128,24,1,0,eligible_by_frozen_24_positive_month_rule
82081000,3335,policy_excluded,2,29,29,29,97168355,11306117,24,1,0,eligible_by_frozen_24_positive_month_rule
82090000,3335,policy_excluded,2,29,29,29,2020237226,120411202,24,1,0,eligible_by_frozen_24_positive_month_rule
83111000,3339,policy_excluded,1,29,29,29,81906683,15931683,24,1,0,eligible_by_frozen_24_positive_month_rule
83112000,3339,policy_excluded,1,29,29,29,137370435,18653974,24,1,0,eligible_by_frozen_24_positive_month_rule
83119000,3339,policy_excluded,1,29,29,29,141448907,45485347,24,1,0,eligible_by_frozen_24_positive_month_rule
84012000,3339,treated,1,29,15,6,21742693,98899,24,0,0,below_frozen_24_positive_month_rule
84031000,3334,control,1,29,29,27,566485202,8496909,24,1,1,eligible_by_frozen_24_positive_month_rule
84039000,3334,control,1,29,29,29,212390155,33928560,24,1,1,eligible_by_frozen_24_positive_month_rule
84061010,3336,treated,1,10,0,0,637978,0,24,0,0,below_frozen_24_positive_month_rule
84061090,3336,treated,1,20,0,0,260789,0,24,0,0,below_frozen_24_positive_month_rule
84068110,3336,policy_excluded,2,22,0,0,20262676,0,24,0,0,below_frozen_24_positive_month_rule
84068190,3336,policy_excluded,1,21,0,0,1643979,0,24,0,0,below_frozen_24_positive_month_rule
84068210,3336,policy_excluded,4,29,1,1,50901069,4467,24,0,0,below_frozen_24_positive_month_rule
84068290,3336,policy_excluded,1,26,11,2,3131072,11434,24,0,0,below_frozen_24_positive_month_rule
84069020,3336,policy_excluded,1,28,0,0,90111358,0,24,0,0,below_frozen_24_positive_month_rule
84069030,3336,policy_excluded,1,29,0,0,28336237,0,24,0,0,below_frozen_24_positive_month_rule
84069040,3336,policy_excluded,1,29,26,16,161110666,2164799,24,0,0,below_frozen_24_positive_month_rule
84069045,3336,policy_excluded,2,29,29,29,367721741,21934366,24,1,0,eligible_by_frozen_24_positive_month_rule
84069050,3336,policy_excluded,1,28,0,0,1487037,0,24,0,0,below_frozen_24_positive_month_rule
84069060,3336,policy_excluded,1,7,0,0,300000,0,24,0,0,below_frozen_24_positive_month_rule
84069070,3336,policy_excluded,1,16,1,1,4213218,1300767,24,0,0,below_frozen_24_positive_month_rule
84069075,3336,policy_excluded,1,29,28,23,49322516,2049242,24,0,0,below_frozen_24_positive_month_rule
84072100,3336,treated,2,29,29,29,2365286001,308319268,24,1,1,eligible_by_frozen_24_positive_month_rule
84072900,3336,treated,4,29,29,29,186567387,31794019,24,1,1,eligible_by_frozen_24_positive_month_rule
84073100,3336,policy_excluded,2,29,29,21,1067277,422731,24,0,0,below_frozen_24_positive_month_rule
84073210,3336,policy_excluded,1,25,6,1,1656299,48000,24,0,0,below_frozen_24_positive_month_rule
84073290,3336,policy_excluded,2,29,29,29,26140138,20017655,24,1,0,eligible_by_frozen_24_positive_month_rule
84073310,3336,policy_excluded,3,25,2,1,825660,2400,24,0,0,below_frozen_24_positive_month_rule
84073330,3336,policy_excluded,2,29,29,29,498752756,35029567,24,1,0,eligible_by_frozen_24_positive_month_rule
84073390,3336,policy_excluded,2,29,29,29,343000313,55759383,24,1,0,eligible_by_frozen_24_positive_month_rule
84073405,3336,policy_excluded,3,29,16,6,476062,60064,24,0,0,below_frozen_24_positive_month_rule
84073425,3336,policy_excluded,1,29,12,3,49674716,134579,24,0,0,below_frozen_24_positive_month_rule
84073435,3336,policy_excluded,3,27,0,0,146538,0,24,0,0,below_frozen_24_positive_month_rule
84073455,3336,policy_excluded,1,29,15,6,8508129,85697,24,0,0,below_frozen_24_positive_month_rule
84079010,3336,policy_excluded,4,29,29,29,469908633,200843408,24,1,0,eligible_by_frozen_24_positive_month_rule
84079090,3336,policy_excluded,5,29,29,29,1818747675,782521223,24,1,0,eligible_by_frozen_24_positive_month_rule
84081000,3336,treated,6,29,25,20,521560534,441633,24,0,0,below_frozen_24_positive_month_rule
84082010,3336,policy_excluded,2,29,29,29,811135250,16154081,24,1,0,eligible_by_frozen_24_positive_month_rule
84082020,3336,policy_excluded,1,29,29,29,4665020529,90190965,24,1,0,eligible_by_frozen_24_positive_month_rule
84082090,3336,policy_excluded,1,29,29,29,195184122,18067788,24,1,0,eligible_by_frozen_24_positive_month_rule
84089010,3336,treated,2,29,29,29,81192264,3735901,24,1,1,eligible_by_frozen_24_positive_month_rule
84089090,3336,treated,5,29,29,29,5553628545,251900772,24,1,1,eligible_by_frozen_24_positive_month_rule
84099192,3336,policy_excluded,2,29,29,29,402036879,20641588,24,1,0,eligible_by_frozen_24_positive_month_rule
84099199,3336,policy_excluded,2,29,29,29,1593494961,472008513,24,1,0,eligible_by_frozen_24_positive_month_rule
84099910,3336,policy_excluded,3,29,29,29,953148260,46116063,24,1,0,eligible_by_frozen_24_positive_month_rule
84099991,3336,policy_excluded,2,29,29,29,2866793162,419863650,24,1,0,eligible_by_frozen_24_positive_month_rule
84099992,3336,policy_excluded,2,29,29,29,176445379,10491963,24,1,0,eligible_by_frozen_24_positive_month_rule
84099999,3336,policy_excluded,2,29,29,29,2341079974,398761676,24,1,0,eligible_by_frozen_24_positive_month_rule
84101100,3336,treated,1,29,19,7,2434313,216608,24,0,0,below_frozen_24_positive_month_rule
84101200,3336,treated,1,26,12,4,5364336,905700,24,0,0,below_frozen_24_positive_month_rule
84101300,3336,treated,1,19,0,0,3013063,0,24,0,0,below_frozen_24_positive_month_rule
84109000,3336,treated,1,29,29,29,122241251,44216476,24,1,1,eligible_by_frozen_24_positive_month_rule
84111180,3336,treated,1,29,11,3,5247533,18297,24,0,0,below_frozen_24_positive_month_rule
84111280,3336,treated,1,29,1,1,298182577,103305,24,0,0,below_frozen_24_positive_month_rule
84112180,3336,treated,1,29,0,0,12548974,0,24,0,0,below_frozen_24_positive_month_rule
84112280,3336,treated,1,25,0,0,13783362,0,24,0,0,below_frozen_24_positive_month_rule
84118180,3336,treated,1,29,0,0,39947351,0,24,0,0,below_frozen_24_positive_month_rule
84118280,3336,treated,1,29,11,2,531507275,3398520,24,0,0,below_frozen_24_positive_month_rule
84122100,3339,treated,5,29,29,29,2895909107,379150937,24,1,1,eligible_by_frozen_24_positive_month_rule
84122940,3336,treated,1,29,29,22,270660606,3057211,24,0,0,below_frozen_24_positive_month_rule
84122980,3339,treated,5,29,29,29,1441207784,109221658,24,1,1,eligible_by_frozen_24_positive_month_rule
84123100,3339,treated,2,29,29,29,714439014,74889751,24,1,1,eligible_by_frozen_24_positive_month_rule
84123900,3339,treated,2,29,29,29,309869322,46286522,24,1,1,eligible_by_frozen_24_positive_month_rule
84128090,3336,treated,1,29,29,29,235021386,20307681,24,1,1,eligible_by_frozen_24_positive_month_rule
84129010,3336,policy_excluded,1,29,29,26,58692407,898439,24,1,0,eligible_by_frozen_24_positive_month_rule
84131100,3339,policy_excluded,1,29,29,29,39700039,17627792,24,1,0,eligible_by_frozen_24_positive_month_rule
84131900,3339,treated,1,29,29,29,498669238,50374351,24,1,1,eligible_by_frozen_24_positive_month_rule
84132000,3339,policy_excluded,1,29,29,29,389637929,252061652,24,1,0,eligible_by_frozen_24_positive_month_rule
84134000,3331,treated,1,29,28,19,180962512,1408520,24,0,0,below_frozen_24_positive_month_rule
84135000,3339,treated,5,29,29,29,3528952992,494466225,24,1,1,eligible_by_frozen_24_positive_month_rule
84136000,3339,treated,6,29,29,29,2831329844,384101003,24,1,1,eligible_by_frozen_24_positive_month_rule
84137010,3339,treated,1,29,29,25,12979624,815139,24,1,1,eligible_by_frozen_24_positive_month_rule
84137020,3339,treated,8,29,29,29,3131136288,849841246,24,1,1,eligible_by_frozen_24_positive_month_rule
84138100,3339,treated,3,29,29,29,1119790692,310429964,24,1,1,eligible_by_frozen_24_positive_month_rule
84138200,3339,treated,1,29,29,27,18936185,1701726,24,1,1,eligible_by_frozen_24_positive_month_rule
84139120,3339,treated,1,29,29,26,15914440,1397152,24,1,1,eligible_by_frozen_24_positive_month_rule
84139200,3339,policy_excluded,1,29,29,29,26699318,15147457,24,1,0,eligible_by_frozen_24_positive_month_rule
84141000,3339,policy_excluded,1,29,29,29,1681264090,163366814,24,1,0,eligible_by_frozen_24_positive_month_rule
84142000,3339,policy_excluded,1,29,29,29,115250043,73602492,24,1,0,eligible_by_frozen_24_positive_month_rule
84143040,3334,treated,1,29,29,29,584467289,118354288,24,1,1,eligible_by_frozen_24_positive_month_rule
84144000,3339,policy_excluded,1,29,29,29,84693185,3197483,24,1,0,eligible_by_frozen_24_positive_month_rule
84145930,3336,policy_excluded,1,29,29,29,259597375,17833288,24,1,0,eligible_by_frozen_24_positive_month_rule
84148005,3339,policy_excluded,1,29,29,29,2085500629,53144348,24,1,0,eligible_by_frozen_24_positive_month_rule
84148016,3339,policy_excluded,14,29,29,29,2109855876,941761321,24,1,0,eligible_by_frozen_24_positive_month_rule
84148020,3339,policy_excluded,5,29,29,29,617780058,41721239,24,1,0,eligible_by_frozen_24_positive_month_rule
84148090,3339,policy_excluded,1,29,29,29,333608777,48402854,24,1,0,eligible_by_frozen_24_positive_month_rule
84149030,3334,policy_excluded,1,29,29,29,772441998,94053472,24,1,0,eligible_by_frozen_24_positive_month_rule
84149090,3339,policy_excluded,2,29,29,29,824575149,99684575,24,1,0,eligible_by_frozen_24_positive_month_rule
84151030,3334,policy_excluded,3,29,29,29,2977283510,2818143082,24,1,0,eligible_by_frozen_24_positive_month_rule
84151060,3334,policy_excluded,1,29,29,29,535111424,346400657,24,1,0,eligible_by_frozen_24_positive_month_rule
84151090,3334,policy_excluded,1,29,29,29,252108194,187719281,24,1,0,eligible_by_frozen_24_positive_month_rule
84158101,3334,policy_excluded,3,29,29,29,463362342,106244695,24,1,0,eligible_by_frozen_24_positive_month_rule
84158201,3334,policy_excluded,10,29,29,29,3537144104,962200248,24,1,0,eligible_by_frozen_24_positive_month_rule
84159040,3334,control,1,29,29,29,31328160,4077509,24,1,1,eligible_by_frozen_24_positive_month_rule
84161000,3334,control,1,29,29,21,20633534,4827074,24,0,0,below_frozen_24_positive_month_rule
84162000,3334,control,2,29,29,29,124695693,11541352,24,1,1,eligible_by_frozen_24_positive_month_rule
84163000,3334,policy_excluded,1,29,29,29,28690772,16789689,24,1,0,eligible_by_frozen_24_positive_month_rule
84169000,3334,treated,1,29,29,29,264187603,69410560,24,1,1,eligible_by_frozen_24_positive_month_rule
84171000,3339,treated,1,29,29,26,176546147,16640239,24,1,1,eligible_by_frozen_24_positive_month_rule
84172000,3332,control,1,29,29,23,47431230,777206,24,0,0,below_frozen_24_positive_month_rule
84178000,3339,treated,1,29,29,29,86533726,15622324,24,1,1,eligible_by_frozen_24_positive_month_rule
84179000,3339,treated,1,29,29,29,385248034,42810135,24,1,1,eligible_by_frozen_24_positive_month_rule
84185000,3334,policy_excluded,2,29,29,29,1571513230,491151503,24,1,0,eligible_by_frozen_24_positive_month_rule
84186101,3334,policy_excluded,1,29,29,29,95871493,6708987,24,1,0,eligible_by_frozen_24_positive_month_rule
84186901,3334,treated,7,29,29,29,4131196831,1063453519,24,1,1,eligible_by_frozen_24_positive_month_rule
84193100,3331,treated,1,29,29,18,19631569,1874005,24,0,0,below_frozen_24_positive_month_rule
84193210,3339,treated,1,29,26,19,26160237,1109335,24,0,0,below_frozen_24_positive_month_rule
84193250,3332,treated,1,29,29,24,25534209,1348039,24,1,1,eligible_by_frozen_24_positive_month_rule
84194000,3332,treated,2,29,29,29,338107316,28451098,24,1,1,eligible_by_frozen_24_positive_month_rule
84196010,3339,policy_excluded,1,29,29,25,124737117,46260233,24,1,0,eligible_by_frozen_24_positive_month_rule
84196050,3339,policy_excluded,1,29,29,29,160712251,30412453,24,1,0,eligible_by_frozen_24_positive_month_rule
84198150,3334,control,2,29,29,29,499877003,55054097,24,1,1,eligible_by_frozen_24_positive_month_rule
84198190,3333,control,2,29,29,29,1611905616,346497498,24,1,1,eligible_by_frozen_24_positive_month_rule
84198910,3332,policy_excluded,1,29,29,14,49865489,16259614,24,0,0,below_frozen_24_positive_month_rule
84198960,3339,policy_excluded,1,29,20,7,3623468,324198,24,0,0,below_frozen_24_positive_month_rule
84199020,3332,treated,1,29,29,28,68260320,7162424,24,1,1,eligible_by_frozen_24_positive_month_rule
84199085,3339,treated,1,29,29,28,79935384,2727702,24,1,1,eligible_by_frozen_24_positive_month_rule
84201010,3332,policy_excluded,1,29,27,8,21434302,863825,24,0,0,below_frozen_24_positive_month_rule
84201020,3332,policy_excluded,1,29,29,29,16298159,3933380,24,1,0,eligible_by_frozen_24_positive_month_rule
84209110,3332,treated,1,29,24,12,3495261,309925,24,0,0,below_frozen_24_positive_month_rule
84209120,3332,treated,1,29,11,4,33751454,34870,24,0,0,below_frozen_24_positive_month_rule
84209190,3332,treated,1,29,28,26,40640405,831269,24,1,1,eligible_by_frozen_24_positive_month_rule
84209910,3332,policy_excluded,1,29,29,29,10496028,7807033,24,1,0,eligible_by_frozen_24_positive_month_rule
84209920,3332,policy_excluded,1,29,27,10,11122500,172973,24,0,0,below_frozen_24_positive_month_rule
84209990,3332,policy_excluded,1,29,29,29,82310569,28947040,24,1,0,eligible_by_frozen_24_positive_month_rule
84211100,3331,policy_excluded,1,29,29,24,13394363,2679101,24,1,0,eligible_by_frozen_24_positive_month_rule
84211900,3339,treated,1,29,29,29,580783864,44141820,24,1,1,eligible_by_frozen_24_positive_month_rule
84212100,3339,treated,1,29,29,29,2738151540,793923730,24,1,1,eligible_by_frozen_24_positive_month_rule
84212200,3339,treated,1,29,29,29,149864826,4691210,24,1,1,eligible_by_frozen_24_positive_month_rule
84219160,3339,treated,1,29,29,29,288393413,20187355,24,1,1,eligible_by_frozen_24_positive_month_rule
84219900,3339,treated,2,29,29,29,3353482560,692523398,24,1,1,eligible_by_frozen_24_positive_month_rule
84221900,3333,treated,1,29,29,29,168919942,3958285,24,1,1,eligible_by_frozen_24_positive_month_rule
84222000,3339,treated,1,29,29,29,150585569,6266303,24,1,1,eligible_by_frozen_24_positive_month_rule
84223011,3339,treated,1,29,28,22,68659750,1110850,24,0,0,below_frozen_24_positive_month_rule
84223091,3339,treated,12,29,29,29,2745248801,312841593,24,1,1,eligible_by_frozen_24_positive_month_rule
84224011,3339,treated,2,29,29,29,201597193,8018683,24,1,1,eligible_by_frozen_24_positive_month_rule
84224091,3339,treated,5,29,29,29,2045544637,71688343,24,1,1,eligible_by_frozen_24_positive_month_rule
84229011,3339,policy_excluded,1,29,29,27,29707946,1151105,24,1,0,eligible_by_frozen_24_positive_month_rule
84229021,3339,policy_excluded,1,29,28,24,48779017,647552,24,1,0,eligible_by_frozen_24_positive_month_rule
84229091,3339,policy_excluded,4,29,29,29,1551513552,67911478,24,1,0,eligible_by_frozen_24_positive_month_rule
84231000,3339,control,3,29,29,29,411188368,390807283,24,1,1,eligible_by_frozen_24_positive_month_rule
84233000,3339,treated,1,29,29,29,243554858,21586336,24,1,1,eligible_by_frozen_24_positive_month_rule
84238100,3339,policy_excluded,5,29,29,29,322925842,183520987,24,1,0,eligible_by_frozen_24_positive_month_rule
84238200,3339,treated,2,29,29,29,412843679,68623840,24,1,1,eligible_by_frozen_24_positive_month_rule
84242010,3339,policy_excluded,1,29,29,29,226894980,120242218,24,1,0,eligible_by_frozen_24_positive_month_rule
84242090,3339,policy_excluded,1,29,29,29,600960086,323181710,24,1,0,eligible_by_frozen_24_positive_month_rule
84243010,3339,policy_excluded,1,29,29,29,60723517,19659571,24,1,0,eligible_by_frozen_24_positive_month_rule
84243090,3333,policy_excluded,1,29,29,29,985225276,610402565,24,1,0,eligible_by_frozen_24_positive_month_rule
84249010,3339,policy_excluded,1,29,29,29,38446646,10575621,24,1,0,eligible_by_frozen_24_positive_month_rule
84249020,3333,policy_excluded,1,29,29,29,34021042,8583088,24,1,0,eligible_by_frozen_24_positive_month_rule
84251100,3339,treated,1,29,29,29,295622482,54533589,24,1,1,eligible_by_frozen_24_positive_month_rule
84251900,3339,policy_excluded,1,29,29,29,250375146,86833751,24,1,0,eligible_by_frozen_24_positive_month_rule
84253101,3339,policy_excluded,1,29,29,29,335937909,227766396,24,1,0,eligible_by_frozen_24_positive_month_rule
84253901,3339,treated,1,29,29,29,324008697,81039378,24,1,1,eligible_by_frozen_24_positive_month_rule
84254100,3339,policy_excluded,1,29,29,29,113803537,92268024,24,1,0,eligible_by_frozen_24_positive_month_rule
84254200,3339,policy_excluded,1,29,29,29,783363865,629528416,24,1,0,eligible_by_frozen_24_positive_month_rule
84254900,3339,policy_excluded,1,29,29,29,714779829,386680113,24,1,0,eligible_by_frozen_24_positive_month_rule
84261100,3339,control,1,29,28,15,196973607,113330341,24,0,0,below_frozen_24_positive_month_rule
84261200,3339,control,1,29,28,23,148791575,15117205,24,0,0,below_frozen_24_positive_month_rule
84261900,3339,control,1,29,29,29,705046492,207213298,24,1,1,eligible_by_frozen_24_positive_month_rule
84262000,3331,control,1,29,25,14,238577652,4536301,24,0,0,below_frozen_24_positive_month_rule
84263000,3331,policy_excluded,1,29,29,26,152428628,106526187,24,1,0,eligible_by_frozen_24_positive_month_rule
84264100,3331,treated,3,29,23,6,496367121,529354,24,0,0,below_frozen_24_positive_month_rule
84264900,3331,treated,2,29,25,6,937104897,1864789,24,0,0,below_frozen_24_positive_month_rule
84269100,3331,policy_excluded,1,29,29,29,302167141,4548560,24,1,0,eligible_by_frozen_24_positive_month_rule
84269900,3331,treated,1,29,29,27,138710824,39455246,24,1,1,eligible_by_frozen_24_positive_month_rule
84271040,3339,treated,1,29,29,29,362217734,22197041,24,1,1,eligible_by_frozen_24_positive_month_rule
84271080,3339,treated,3,29,29,29,1610368786,181012414,24,1,1,eligible_by_frozen_24_positive_month_rule
84272040,3339,treated,1,29,29,29,1753955831,240926447,24,1,1,eligible_by_frozen_24_positive_month_rule
84272080,3339,treated,1,29,29,29,2075332843,99044667,24,1,1,eligible_by_frozen_24_positive_month_rule
84279000,3339,policy_excluded,1,29,29,29,330795165,197689305,24,1,0,eligible_by_frozen_24_positive_month_rule
84281000,3339,control,1,29,29,29,398951904,10056977,24,1,1,eligible_by_frozen_24_positive_month_rule
84282000,3339,treated,2,29,29,29,312576241,14281057,24,1,1,eligible_by_frozen_24_positive_month_rule
84283100,3339,treated,1,29,20,6,5832207,1281626,24,0,0,below_frozen_24_positive_month_rule
84283200,3339,treated,1,29,29,29,23738676,3342695,24,1,1,eligible_by_frozen_24_positive_month_rule
84283300,3339,treated,1,29,29,29,1056958267,34172934,24,1,1,eligible_by_frozen_24_positive_month_rule
84283900,3339,treated,1,29,29,29,1832226467,113764205,24,1,1,eligible_by_frozen_24_positive_month_rule
84284000,3339,policy_excluded,1,29,29,29,89957447,63277674,24,1,0,eligible_by_frozen_24_positive_month_rule
84286000,3339,control,1,28,24,17,13369594,2448338,24,0,0,below_frozen_24_positive_month_rule
84292000,3331,treated,1,29,24,16,536441087,4254732,24,0,0,below_frozen_24_positive_month_rule
84301000,3331,treated,1,29,29,29,123133231,14125392,24,1,1,eligible_by_frozen_24_positive_month_rule
84302000,3331,control,3,29,29,29,312948875,102531555,24,1,1,eligible_by_frozen_24_positive_month_rule
84303100,3331,treated,2,29,11,4,161722789,2924844,24,0,0,below_frozen_24_positive_month_rule
84303900,3331,treated,2,29,29,25,233113719,4692297,24,1,1,eligible_by_frozen_24_positive_month_rule
84304100,3331,treated,1,29,24,10,515935193,6745988,24,0,0,below_frozen_24_positive_month_rule
84304980,3331,policy_excluded,5,29,29,29,241346498,56052755,24,1,0,eligible_by_frozen_24_positive_month_rule
84305010,3331,policy_excluded,1,29,21,4,1237121,27701,24,0,0,below_frozen_24_positive_month_rule
84305050,3331,policy_excluded,1,29,25,24,198108455,6741785,24,1,0,eligible_by_frozen_24_positive_month_rule
84306100,3331,treated,1,29,29,29,63436497,6185812,24,1,1,eligible_by_frozen_24_positive_month_rule
84306901,3331,treated,1,29,29,29,240091295,10889644,24,1,1,eligible_by_frozen_24_positive_month_rule
84312000,3339,treated,1,29,29,29,2439112743,727302414,24,1,1,eligible_by_frozen_24_positive_month_rule
84313100,3339,treated,3,29,29,29,889027101,239097019,24,1,1,eligible_by_frozen_24_positive_month_rule
84314100,3331,treated,4,29,29,29,645051432,150910217,24,1,1,eligible_by_frozen_24_positive_month_rule
84314200,3331,treated,1,29,29,29,119999996,6907948,24,1,1,eligible_by_frozen_24_positive_month_rule
84314340,3331,treated,1,29,29,29,226736082,59673552,24,1,1,eligible_by_frozen_24_positive_month_rule
84314380,3331,treated,4,29,29,29,1674285757,294327167,24,1,1,eligible_by_frozen_24_positive_month_rule
84314990,3331,treated,17,29,29,29,6523238040,1426086058,24,1,1,eligible_by_frozen_24_positive_month_rule
84321000,3331,treated,3,29,28,28,23775086,2561173,24,1,1,eligible_by_frozen_24_positive_month_rule
84322100,3331,treated,1,29,29,29,57722479,1403877,24,1,1,eligible_by_frozen_24_positive_month_rule
84322900,3331,policy_excluded,4,29,29,29,280563562,142472574,24,1,0,eligible_by_frozen_24_positive_month_rule
84328000,3331,treated,2,29,29,29,186202303,14374870,24,1,1,eligible_by_frozen_24_positive_month_rule
84331100,3331,control,6,29,29,29,1061740499,486465345,24,1,1,eligible_by_frozen_24_positive_month_rule
84331900,3331,control,5,29,29,29,75022019,53191004,24,1,1,eligible_by_frozen_24_positive_month_rule
84332000,3331,treated,3,29,29,29,437177763,11752574,24,1,1,eligible_by_frozen_24_positive_month_rule
84333000,3331,treated,1,29,29,20,167335476,887907,24,0,0,below_frozen_24_positive_month_rule
84334000,3331,treated,1,29,18,10,164013217,222712,24,0,0,below_frozen_24_positive_month_rule
84335100,3331,treated,2,29,29,29,269960842,29416395,24,1,1,eligible_by_frozen_24_positive_month_rule
84335200,3331,treated,1,29,21,7,15257706,57780,24,0,0,below_frozen_24_positive_month_rule
84335300,3331,treated,1,29,12,1,21898218,2650,24,0,0,below_frozen_24_positive_month_rule
84335900,3331,treated,2,29,24,11,708067368,257859,24,0,0,below_frozen_24_positive_month_rule
84336000,3331,treated,2,29,23,16,204720215,8451889,24,0,0,below_frozen_24_positive_month_rule
84339010,3331,policy_excluded,2,29,29,29,656031089,452292510,24,1,0,eligible_by_frozen_24_positive_month_rule
84339050,3331,policy_excluded,5,29,29,29,1460542253,137784274,24,1,0,eligible_by_frozen_24_positive_month_rule
84341000,3331,control,1,29,27,18,30315064,422536,24,0,0,below_frozen_24_positive_month_rule
84342000,3332,treated,1,29,27,14,58655797,666174,24,0,0,below_frozen_24_positive_month_rule
84349000,3331,treated,1,29,29,29,196011671,18358880,24,1,1,eligible_by_frozen_24_positive_month_rule
84351000,3332,control,1,29,29,29,60232132,6889813,24,1,1,eligible_by_frozen_24_positive_month_rule
84359000,3332,control,1,29,29,29,21082256,3214247,24,1,1,eligible_by_frozen_24_positive_month_rule
84361000,3331,treated,1,29,29,28,138331596,4233697,24,1,1,eligible_by_frozen_24_positive_month_rule
84362100,3331,treated,1,29,29,29,19162746,6565444,24,1,1,eligible_by_frozen_24_positive_month_rule
84362900,3331,treated,1,29,29,29,308501735,2158881,24,1,1,eligible_by_frozen_24_positive_month_rule
84368000,3331,treated,5,29,29,29,972067689,77143734,24,1,1,eligible_by_frozen_24_positive_month_rule
84369100,3331,treated,2,29,29,29,210649060,16624426,24,1,1,eligible_by_frozen_24_positive_month_rule
84369900,3331,treated,6,29,29,29,505783353,96744566,24,1,1,eligible_by_frozen_24_positive_month_rule
84371000,3332,treated,1,29,29,29,79419634,9860673,24,1,1,eligible_by_frozen_24_positive_month_rule
84378000,3332,treated,2,29,29,28,66148538,6721958,24,1,1,eligible_by_frozen_24_positive_month_rule
84379000,3332,treated,2,29,29,29,144990330,33886561,24,1,1,eligible_by_frozen_24_positive_month_rule
84381000,3332,control,2,29,29,29,592210289,27974334,24,1,1,eligible_by_frozen_24_positive_month_rule
84382000,3332,control,1,29,29,29,218288228,4234796,24,1,1,eligible_by_frozen_24_positive_month_rule
84383000,3332,control,1,29,24,15,4442229,1722024,24,0,0,below_frozen_24_positive_month_rule
84384000,3332,control,1,29,29,29,213015915,51553160,24,1,1,eligible_by_frozen_24_positive_month_rule
84386000,3332,treated,1,29,29,29,165456050,4742326,24,1,1,eligible_by_frozen_24_positive_month_rule
84388000,3332,treated,1,29,29,29,751607406,80760464,24,1,1,eligible_by_frozen_24_positive_month_rule
84389010,3332,policy_excluded,1,29,28,26,88826767,1698723,24,1,0,eligible_by_frozen_24_positive_month_rule
84389090,3332,treated,4,29,29,29,776592614,39751227,24,1,1,eligible_by_frozen_24_positive_month_rule
84393000,3332,treated,1,29,26,18,220348796,7987215,24,0,0,below_frozen_24_positive_month_rule
84399110,3332,treated,1,29,29,29,72073970,3324773,24,1,1,eligible_by_frozen_24_positive_month_rule
84399190,3332,treated,1,29,29,29,159103457,18299441,24,1,1,eligible_by_frozen_24_positive_month_rule
84399910,3332,treated,1,29,29,29,481781360,42012591,24,1,1,eligible_by_frozen_24_positive_month_rule
84399950,3332,treated,1,29,29,28,127322683,2512555,24,1,1,eligible_by_frozen_24_positive_month_rule
84401000,3332,control,1,29,29,29,241287771,11259423,24,1,1,eligible_by_frozen_24_positive_month_rule
84409000,3332,control,1,29,29,29,82360459,1331552,24,1,1,eligible_by_frozen_24_positive_month_rule
84411000,3332,policy_excluded,1,29,29,29,599496192,278681506,24,1,0,eligible_by_frozen_24_positive_month_rule
84412000,3332,treated,1,29,28,20,82463318,1781966,24,0,0,below_frozen_24_positive_month_rule
84413000,3332,treated,1,29,29,29,605245543,50098741,24,1,1,eligible_by_frozen_24_positive_month_rule
84414000,3332,treated,1,29,28,26,29935725,6398812,24,1,1,eligible_by_frozen_24_positive_month_rule
84418000,3332,treated,1,29,29,29,463881528,23674240,24,1,1,eligible_by_frozen_24_positive_month_rule
84419000,3332,treated,1,29,29,29,531531222,55793725,24,1,1,eligible_by_frozen_24_positive_month_rule
84423001,3332,treated,2,29,29,29,110619183,31859470,24,1,1,eligible_by_frozen_24_positive_month_rule
84424000,3332,treated,1,29,29,29,64280971,18974813,24,1,1,eligible_by_frozen_24_positive_month_rule
84431110,3332,treated,1,17,0,0,420290,0,24,0,0,below_frozen_24_positive_month_rule
84431150,3332,treated,1,29,18,6,48882075,2222466,24,0,0,below_frozen_24_positive_month_rule
84431200,3332,treated,1,27,15,5,10620094,151608,24,0,0,below_frozen_24_positive_month_rule
84431300,3332,treated,1,29,28,21,581012003,1334544,24,0,0,below_frozen_24_positive_month_rule
84431400,3332,treated,1,27,26,10,1423578,267149,24,0,0,below_frozen_24_positive_month_rule
84431500,3332,policy_excluded,1,29,22,13,3218448,1347641,24,0,0,below_frozen_24_positive_month_rule
84431600,3332,policy_excluded,1,29,28,20,419162964,1670350,24,0,0,below_frozen_24_positive_month_rule
84431700,3332,treated,1,29,27,14,43659648,509126,24,0,0,below_frozen_24_positive_month_rule
84431920,3332,policy_excluded,1,29,29,28,100718851,2632913,24,1,0,eligible_by_frozen_24_positive_month_rule
84431930,3332,treated,1,29,29,29,588429165,28178430,24,1,1,eligible_by_frozen_24_positive_month_rule
84433910,3333,policy_excluded,1,29,27,21,7764480,928962,24,0,0,below_frozen_24_positive_month_rule
84433920,3333,policy_excluded,1,29,29,15,529752,328662,24,0,0,below_frozen_24_positive_month_rule
84433930,3333,policy_excluded,1,28,24,12,368854,118162,24,0,0,below_frozen_24_positive_month_rule
84433940,3333,policy_excluded,1,16,6,4,21743,11984,24,0,0,below_frozen_24_positive_month_rule
84433950,3333,policy_excluded,1,29,28,26,2379369,1352929,24,1,0,eligible_by_frozen_24_positive_month_rule
84433960,3333,policy_excluded,1,28,27,23,1436024,892989,24,0,0,below_frozen_24_positive_month_rule
84439110,3332,treated,1,29,29,29,97215649,1750114,24,1,1,eligible_by_frozen_24_positive_month_rule
84439120,3332,policy_excluded,1,29,29,27,14098160,2154767,24,1,0,eligible_by_frozen_24_positive_month_rule
84439130,3332,policy_excluded,1,29,29,29,601052584,22998465,24,1,0,eligible_by_frozen_24_positive_month_rule
84439910,3333,policy_excluded,1,29,29,29,233775356,194503761,24,1,0,eligible_by_frozen_24_positive_month_rule
84439940,3333,policy_excluded,1,29,29,29,94549129,38850624,24,1,0,eligible_by_frozen_24_positive_month_rule
84439945,3333,policy_excluded,1,29,29,29,324107062,115417150,24,1,0,eligible_by_frozen_24_positive_month_rule
84440000,3332,treated,2,29,29,25,108213203,6936686,24,1,1,eligible_by_frozen_24_positive_month_rule
84451100,3332,control,1,29,22,5,23000279,4007780,24,0,0,below_frozen_24_positive_month_rule
84451200,3332,control,1,26,3,1,4690115,1799692,24,0,0,below_frozen_24_positive_month_rule
84451300,3332,control,1,29,15,5,9278654,599511,24,0,0,below_frozen_24_positive_month_rule
84452000,3332,control,1,29,21,9,69386465,7241809,24,0,0,below_frozen_24_positive_month_rule
84453000,3332,control,2,29,27,15,80218556,12919721,24,0,0,below_frozen_24_positive_month_rule
84454000,3332,control,1,29,28,23,56329412,623461,24,0,0,below_frozen_24_positive_month_rule
84459000,3332,control,1,29,26,17,12776459,4170494,24,0,0,below_frozen_24_positive_month_rule
84461000,3332,control,2,29,28,20,7615258,927710,24,0,0,below_frozen_24_positive_month_rule
84462110,3332,control,1,21,10,2,4477832,140828,24,0,0,below_frozen_24_positive_month_rule
84462150,3332,control,1,29,4,1,2434082,120000,24,0,0,below_frozen_24_positive_month_rule
84462900,3332,control,1,29,7,1,3816945,325842,24,0,0,below_frozen_24_positive_month_rule
84463010,3332,policy_excluded,3,28,12,3,17242711,1295140,24,0,0,below_frozen_24_positive_month_rule
84463050,3332,policy_excluded,3,29,10,4,42941391,574630,24,0,0,below_frozen_24_positive_month_rule
84471110,3332,control,1,29,10,4,22785721,170101,24,0,0,below_frozen_24_positive_month_rule
84471190,3332,control,3,27,24,13,3029972,223154,24,0,0,below_frozen_24_positive_month_rule
84471210,3332,control,1,24,17,6,1330943,237114,24,0,0,below_frozen_24_positive_month_rule
84471290,3332,control,3,29,28,22,26008991,1179271,24,0,0,below_frozen_24_positive_month_rule
84472020,3332,control,1,28,15,5,13684705,88465,24,0,0,below_frozen_24_positive_month_rule
84472030,3332,control,1,28,27,15,1370463,496123,24,0,0,below_frozen_24_positive_month_rule
84472040,3332,control,1,29,29,16,27111162,3580466,24,0,0,below_frozen_24_positive_month_rule
84472060,3332,control,1,28,28,17,5130608,528156,24,0,0,below_frozen_24_positive_month_rule
84479010,3332,control,1,29,27,10,12514627,1006402,24,0,0,below_frozen_24_positive_month_rule
84479050,3332,control,1,29,29,29,250258161,36486320,24,1,1,eligible_by_frozen_24_positive_month_rule
84479090,3332,control,1,29,29,25,16827706,1519244,24,1,1,eligible_by_frozen_24_positive_month_rule
84481100,3332,control,1,29,11,4,15781000,93846,24,0,0,below_frozen_24_positive_month_rule
84481900,3332,control,1,29,29,26,40777984,3634453,24,1,1,eligible_by_frozen_24_positive_month_rule
84482010,3332,control,1,29,27,22,23566782,1075002,24,0,0,below_frozen_24_positive_month_rule
84482050,3332,control,2,29,29,29,46144519,880153,24,1,1,eligible_by_frozen_24_positive_month_rule
84483100,3332,control,1,29,29,25,17182817,694952,24,1,1,eligible_by_frozen_24_positive_month_rule
84483300,3332,control,1,29,28,13,6300900,348604,24,0,0,below_frozen_24_positive_month_rule
84483910,3332,control,1,29,29,29,79755161,16079504,24,1,1,eligible_by_frozen_24_positive_month_rule
84483950,3332,control,1,29,29,23,20730781,4663569,24,0,0,below_frozen_24_positive_month_rule
84483990,3332,control,1,29,29,28,21909021,2373565,24,1,1,eligible_by_frozen_24_positive_month_rule
84484200,3332,control,1,29,29,28,8795794,784929,24,1,1,eligible_by_frozen_24_positive_month_rule
84484910,3332,control,1,29,26,5,1087192,46586,24,0,0,below_frozen_24_positive_month_rule
84484920,3332,control,1,29,29,29,133547977,7636111,24,1,1,eligible_by_frozen_24_positive_month_rule
84485110,3332,policy_excluded,1,29,15,3,40761450,71346,24,0,0,below_frozen_24_positive_month_rule
84485120,3332,policy_excluded,1,29,8,2,1440233,11603,24,0,0,below_frozen_24_positive_month_rule
84485130,3332,policy_excluded,1,29,28,18,8786976,150471,24,0,0,below_frozen_24_positive_month_rule
84485150,3332,policy_excluded,1,29,29,26,14653226,591196,24,1,0,eligible_by_frozen_24_positive_month_rule
84485910,3332,control,1,29,29,29,41499877,3304192,24,1,1,eligible_by_frozen_24_positive_month_rule
84485950,3332,control,1,29,29,29,40956436,1343161,24,1,1,eligible_by_frozen_24_positive_month_rule
84490010,3332,control,1,29,29,19,16954085,2709594,24,0,0,below_frozen_24_positive_month_rule
84490050,3332,control,1,29,29,29,278499764,7487988,24,1,1,eligible_by_frozen_24_positive_month_rule
84511000,3333,policy_excluded,1,29,29,28,54703562,6190259,24,1,0,eligible_by_frozen_24_positive_month_rule
84513000,3333,policy_excluded,1,29,29,29,118924640,20603452,24,1,0,eligible_by_frozen_24_positive_month_rule
84514000,3332,policy_excluded,1,29,29,26,39733169,2409771,24,1,0,eligible_by_frozen_24_positive_month_rule
84515000,3332,policy_excluded,1,29,29,29,165798844,38546835,24,1,0,eligible_by_frozen_24_positive_month_rule
84518000,3333,policy_excluded,1,29,29,29,102349954,10529623,24,1,0,eligible_by_frozen_24_positive_month_rule
84521000,3332,control,2,29,29,29,616156647,218994087,24,1,1,eligible_by_frozen_24_positive_month_rule
84522110,3332,control,1,26,21,7,1300019,65206,24,0,0,below_frozen_24_positive_month_rule
84522190,3332,control,1,29,29,29,232480373,64664874,24,1,1,eligible_by_frozen_24_positive_month_rule
84522910,3332,policy_excluded,1,29,17,6,471120,51653,24,0,0,below_frozen_24_positive_month_rule
84522990,3332,policy_excluded,1,29,29,29,83916645,26732944,24,1,0,eligible_by_frozen_24_positive_month_rule
84529020,3332,control,2,29,29,29,165340692,48794460,24,1,1,eligible_by_frozen_24_positive_month_rule
84531000,3339,control,1,29,26,21,27726189,2152571,24,0,0,below_frozen_24_positive_month_rule
84532000,3332,control,1,29,29,28,14018529,1252432,24,1,1,eligible_by_frozen_24_positive_month_rule
84538000,3339,control,1,29,29,29,6178702,1273110,24,1,1,eligible_by_frozen_24_positive_month_rule
84539010,3332,control,1,29,25,8,2570727,73133,24,0,0,below_frozen_24_positive_month_rule
84539050,3339,control,1,29,28,21,22242865,993403,24,0,0,below_frozen_24_positive_month_rule
84541000,3332,treated,1,29,29,28,4191183,580468,24,1,1,eligible_by_frozen_24_positive_month_rule
84551000,3335,treated,1,29,28,22,273056994,2976741,24,0,0,below_frozen_24_positive_month_rule
84552100,3335,treated,1,29,28,15,27390909,1427291,24,0,0,below_frozen_24_positive_month_rule
84552200,3335,treated,1,29,29,29,71810933,11193415,24,1,1,eligible_by_frozen_24_positive_month_rule
84559040,3335,policy_excluded,1,29,29,29,36656339,4878368,24,1,0,eligible_by_frozen_24_positive_month_rule
84559080,3335,policy_excluded,1,29,29,29,257226141,40596942,24,1,0,eligible_by_frozen_24_positive_month_rule
84562010,3335,treated,2,29,18,17,6006745,2556361,24,0,0,below_frozen_24_positive_month_rule
84563010,3335,treated,3,29,29,29,340046262,74739125,24,1,1,eligible_by_frozen_24_positive_month_rule
84563050,3332,treated,1,29,26,20,21572371,427910,24,0,0,below_frozen_24_positive_month_rule
84571000,3335,treated,8,29,29,29,2882122569,17135248,24,1,1,eligible_by_frozen_24_positive_month_rule
84572000,3335,treated,2,26,9,3,36600205,297914,24,0,0,below_frozen_24_positive_month_rule
84573000,3335,treated,2,29,11,4,176647480,1620616,24,0,0,below_frozen_24_positive_month_rule
84581100,3335,treated,5,29,29,29,1626255466,69170853,24,1,1,eligible_by_frozen_24_positive_month_rule
84581900,3335,treated,6,29,29,29,150787431,31650722,24,1,1,eligible_by_frozen_24_positive_month_rule
84589110,3335,treated,3,29,28,24,220466118,26288765,24,1,1,eligible_by_frozen_24_positive_month_rule
84589150,3335,treated,3,29,17,8,123295432,1488659,24,0,0,below_frozen_24_positive_month_rule
84589910,3335,treated,2,29,22,11,4086761,344827,24,0,0,below_frozen_24_positive_month_rule
84589950,3335,treated,3,29,29,29,21870876,3663957,24,1,1,eligible_by_frozen_24_positive_month_rule
84591000,3335,treated,1,26,0,0,11647019,0,24,0,0,below_frozen_24_positive_month_rule
84592100,3335,treated,2,29,24,13,70704888,2182897,24,0,0,below_frozen_24_positive_month_rule
84592900,3335,policy_excluded,6,29,29,29,81161740,42477447,24,1,0,eligible_by_frozen_24_positive_month_rule
84593100,3335,treated,4,29,22,6,225254086,1885844,24,0,0,below_frozen_24_positive_month_rule
84593900,3335,treated,4,29,27,16,6531275,648581,24,0,0,below_frozen_24_positive_month_rule
84595100,3335,treated,2,29,29,13,12256024,266300,24,0,0,below_frozen_24_positive_month_rule
84595900,3335,policy_excluded,3,29,29,29,28840416,8121459,24,1,0,eligible_by_frozen_24_positive_month_rule
84596100,3335,treated,2,29,29,29,280954372,8734034,24,1,1,eligible_by_frozen_24_positive_month_rule
84596900,3335,treated,5,29,29,29,81195203,13900032,24,1,1,eligible_by_frozen_24_positive_month_rule
84597040,3335,treated,1,29,17,3,12815162,86821,24,0,0,below_frozen_24_positive_month_rule
84597080,3335,treated,3,29,29,27,22656644,2221094,24,1,1,eligible_by_frozen_24_positive_month_rule
84603100,3335,treated,2,29,29,15,137795165,1573499,24,0,0,below_frozen_24_positive_month_rule
84603900,3335,policy_excluded,3,29,29,29,42792981,9502090,24,1,0,eligible_by_frozen_24_positive_month_rule
84604040,3335,treated,2,29,26,14,56913267,2870561,24,0,0,below_frozen_24_positive_month_rule
84604080,3335,treated,3,29,26,20,16466136,1007963,24,0,0,below_frozen_24_positive_month_rule
84609040,3335,treated,2,29,29,18,50808169,1790281,24,0,0,below_frozen_24_positive_month_rule
84609080,3335,treated,3,29,29,29,112840062,35406529,24,1,1,eligible_by_frozen_24_positive_month_rule
84612040,3335,treated,1,29,17,8,15956051,1423247,24,0,0,below_frozen_24_positive_month_rule
84612080,3335,treated,3,29,19,7,24721730,205679,24,0,0,below_frozen_24_positive_month_rule
84613040,3335,treated,2,29,3,1,23671895,114000,24,0,0,below_frozen_24_positive_month_rule
84613080,3335,treated,3,29,24,2,6763934,5657,24,0,0,below_frozen_24_positive_month_rule
84614010,3335,treated,5,29,24,9,75845111,1497153,24,0,0,below_frozen_24_positive_month_rule
84614050,3335,treated,4,29,28,11,135196781,229258,24,0,0,below_frozen_24_positive_month_rule
84615040,3335,policy_excluded,2,29,29,24,107329084,2287649,24,1,0,eligible_by_frozen_24_positive_month_rule
84615080,3335,policy_excluded,3,29,29,29,211317977,62503832,24,1,0,eligible_by_frozen_24_positive_month_rule
84619030,3335,treated,4,29,16,12,14240709,297994,24,0,0,below_frozen_24_positive_month_rule
84619060,3335,treated,6,29,29,29,44696314,1971593,24,1,1,eligible_by_frozen_24_positive_month_rule
84621000,3335,treated,4,29,29,29,504156925,49941783,24,1,1,eligible_by_frozen_24_positive_month_rule
84622100,3335,treated,1,29,29,28,631297230,20234691,24,1,1,eligible_by_frozen_24_positive_month_rule
84622900,3335,treated,5,29,29,29,510603836,50678858,24,1,1,eligible_by_frozen_24_positive_month_rule
84623100,3335,treated,2,29,22,8,28246631,1380931,24,0,0,below_frozen_24_positive_month_rule
84623900,3335,treated,3,29,29,29,78213764,13099376,24,1,1,eligible_by_frozen_24_positive_month_rule
84624100,3335,treated,2,29,22,12,222968100,2376811,24,0,0,below_frozen_24_positive_month_rule
84624900,3335,treated,3,29,29,29,77971774,9091253,24,1,1,eligible_by_frozen_24_positive_month_rule
84629140,3335,treated,2,29,29,26,155279825,9714706,24,1,1,eligible_by_frozen_24_positive_month_rule
84629180,3335,treated,2,29,29,29,139769366,15243523,24,1,1,eligible_by_frozen_24_positive_month_rule
84629940,3335,treated,2,29,25,10,40003908,1224800,24,0,0,below_frozen_24_positive_month_rule
84629980,3335,treated,4,29,29,29,230115823,10075536,24,1,1,eligible_by_frozen_24_positive_month_rule
84631000,3335,treated,3,29,29,27,59783883,3541479,24,1,1,eligible_by_frozen_24_positive_month_rule
84632000,3335,treated,3,29,28,13,21841301,349334,24,0,0,below_frozen_24_positive_month_rule
84633000,3335,treated,3,29,29,29,169207558,7495795,24,1,1,eligible_by_frozen_24_positive_month_rule
84641001,3332,policy_excluded,1,29,29,29,371603693,177065375,24,1,0,eligible_by_frozen_24_positive_month_rule
84642001,3332,treated,2,29,29,29,215000887,34814017,24,1,1,eligible_by_frozen_24_positive_month_rule
84649001,3332,treated,2,29,29,29,252824626,41152274,24,1,1,eligible_by_frozen_24_positive_month_rule
84661001,3335,treated,3,29,29,29,1739537415,538734909,24,1,1,eligible_by_frozen_24_positive_month_rule
84662010,3335,treated,2,29,29,28,36532922,2593193,24,1,1,eligible_by_frozen_24_positive_month_rule
84662080,3335,treated,4,29,29,29,619780352,63257119,24,1,1,eligible_by_frozen_24_positive_month_rule
84663010,3335,policy_excluded,1,29,29,27,17318995,901840,24,1,0,eligible_by_frozen_24_positive_month_rule
84663080,3335,policy_excluded,1,29,29,29,73800136,34524242,24,1,0,eligible_by_frozen_24_positive_month_rule
84669110,3332,policy_excluded,1,29,29,29,22580328,19633486,24,1,0,eligible_by_frozen_24_positive_month_rule
84669150,3332,policy_excluded,1,29,29,29,179599322,20793995,24,1,0,eligible_by_frozen_24_positive_month_rule
84669210,3332,treated,1,29,29,29,6462756,1190538,24,1,1,eligible_by_frozen_24_positive_month_rule
84669311,3335,policy_excluded,1,29,29,29,32988468,8149753,24,1,0,eligible_by_frozen_24_positive_month_rule
84669315,3335,policy_excluded,2,29,29,29,133179115,92843239,24,1,0,eligible_by_frozen_24_positive_month_rule
84669330,3335,policy_excluded,1,29,27,23,32991772,2431083,24,0,0,below_frozen_24_positive_month_rule
84669353,3335,policy_excluded,2,29,29,29,251449624,10316382,24,1,0,eligible_by_frozen_24_positive_month_rule
84669360,3335,policy_excluded,2,29,29,27,42837300,3232563,24,1,0,eligible_by_frozen_24_positive_month_rule
84669375,3335,policy_excluded,1,29,29,22,46314254,396315,24,0,0,below_frozen_24_positive_month_rule
84669420,3335,treated,1,29,29,29,21910784,3315658,24,1,1,eligible_by_frozen_24_positive_month_rule
84669440,3335,treated,1,29,29,29,56336694,2443015,24,1,1,eligible_by_frozen_24_positive_month_rule
84669465,3335,treated,2,29,29,29,104118170,1729525,24,1,1,eligible_by_frozen_24_positive_month_rule
84669485,3335,treated,2,29,29,29,894625317,59343433,24,1,1,eligible_by_frozen_24_positive_month_rule
84671110,3339,treated,2,29,29,29,141228261,37300875,24,1,1,eligible_by_frozen_24_positive_month_rule
84671910,3339,policy_excluded,1,29,29,29,33800955,11864188,24,1,0,eligible_by_frozen_24_positive_month_rule
84672100,3339,control,4,29,29,29,1597799073,1255804539,24,1,1,eligible_by_frozen_24_positive_month_rule
84672200,3339,control,4,29,29,29,1835102552,1557069251,24,1,1,eligible_by_frozen_24_positive_month_rule
84678100,3339,control,1,29,29,29,642441956,110115553,24,1,1,eligible_by_frozen_24_positive_month_rule
84678910,3339,control,1,29,29,29,84195668,11788238,24,1,1,eligible_by_frozen_24_positive_month_rule
84679101,3339,control,1,29,29,29,164874265,57050736,24,1,1,eligible_by_frozen_24_positive_month_rule
84679200,3339,control,2,29,29,29,370273985,58058998,24,1,1,eligible_by_frozen_24_positive_month_rule
84681000,3339,control,1,29,29,29,76404919,12748839,24,1,1,eligible_by_frozen_24_positive_month_rule
84682010,3339,policy_excluded,1,29,29,29,14753802,3008496,24,1,0,eligible_by_frozen_24_positive_month_rule
84682050,3339,policy_excluded,1,29,28,26,12374397,1174229,24,1,0,eligible_by_frozen_24_positive_month_rule
84688010,3339,policy_excluded,1,29,29,29,5843579,2220178,24,1,0,eligible_by_frozen_24_positive_month_rule
84688050,3339,policy_excluded,1,29,29,29,44160175,4157961,24,1,0,eligible_by_frozen_24_positive_month_rule
84689010,3339,policy_excluded,1,29,29,29,33462778,15486352,24,1,0,eligible_by_frozen_24_positive_month_rule
84689050,3339,policy_excluded,1,29,29,29,50409288,16084024,24,1,0,eligible_by_frozen_24_positive_month_rule
84701000,3333,policy_excluded,2,29,29,29,306306478,135739329,24,1,0,eligible_by_frozen_24_positive_month_rule
84702100,3333,policy_excluded,1,29,29,29,69940371,62535176,24,1,0,eligible_by_frozen_24_positive_month_rule
84702900,3333,policy_excluded,1,29,29,29,9642138,8227627,24,1,0,eligible_by_frozen_24_positive_month_rule
84703000,3333,policy_excluded,1,29,29,29,23447264,13728177,24,1,0,eligible_by_frozen_24_positive_month_rule
84709001,3333,policy_excluded,2,29,29,29,264967865,141287108,24,1,0,eligible_by_frozen_24_positive_month_rule
84721000,3333,policy_excluded,1,29,29,29,9353206,3033189,24,1,0,eligible_by_frozen_24_positive_month_rule
84723000,3333,policy_excluded,1,29,29,29,146082834,5731907,24,1,0,eligible_by_frozen_24_positive_month_rule
84729005,3333,policy_excluded,1,29,17,10,3055347,123720,24,0,0,below_frozen_24_positive_month_rule
84729060,3333,policy_excluded,1,29,20,7,5219108,107539,24,0,0,below_frozen_24_positive_month_rule
84729090,3333,policy_excluded,3,29,29,29,999599115,582252860,24,1,0,eligible_by_frozen_24_positive_month_rule
84732100,3333,policy_excluded,1,29,29,29,6827597,4605729,24,1,0,eligible_by_frozen_24_positive_month_rule
84732900,3333,policy_excluded,1,29,29,29,726263541,349681326,24,1,0,eligible_by_frozen_24_positive_month_rule
84733020,3332,policy_excluded,1,29,29,29,483596920,71938805,24,1,0,eligible_by_frozen_24_positive_month_rule
84733051,3332,policy_excluded,1,29,29,29,9994837091,7242663489,24,1,0,eligible_by_frozen_24_positive_month_rule
84733091,3332,policy_excluded,1,29,29,29,968175504,657651177,24,1,0,eligible_by_frozen_24_positive_month_rule
84735060,3332,policy_excluded,1,29,29,29,14234399,11095827,24,1,0,eligible_by_frozen_24_positive_month_rule
84735090,3332,policy_excluded,1,29,29,29,251267765,187067424,24,1,0,eligible_by_frozen_24_positive_month_rule
84741000,3331,treated,2,29,29,29,610833744,26718055,24,1,1,eligible_by_frozen_24_positive_month_rule
84742000,3331,treated,3,29,29,29,614489341,44275574,24,1,1,eligible_by_frozen_24_positive_month_rule
84743100,3331,treated,1,29,29,29,151877554,40403882,24,1,1,eligible_by_frozen_24_positive_month_rule
84743200,3331,treated,1,28,14,6,18582036,152746,24,0,0,below_frozen_24_positive_month_rule
84743900,3331,treated,1,29,29,29,61270412,6431960,24,1,1,eligible_by_frozen_24_positive_month_rule
84751000,3332,treated,1,28,25,15,5734623,593670,24,0,0,below_frozen_24_positive_month_rule
84752100,3332,treated,1,29,25,8,22781620,882002,24,0,0,below_frozen_24_positive_month_rule
84752900,3332,policy_excluded,1,29,29,29,131137531,32859999,24,1,0,eligible_by_frozen_24_positive_month_rule
84759010,3332,treated,1,29,29,27,108544471,1611409,24,1,1,eligible_by_frozen_24_positive_month_rule
84759090,3332,treated,1,29,29,29,335097668,31674784,24,1,1,eligible_by_frozen_24_positive_month_rule
84762100,3333,policy_excluded,1,29,29,27,35524739,8924792,24,1,0,eligible_by_frozen_24_positive_month_rule
84762900,3333,policy_excluded,1,29,29,25,13944282,1817107,24,1,0,eligible_by_frozen_24_positive_month_rule
84768100,3333,policy_excluded,1,29,24,15,5260939,316117,24,0,0,below_frozen_24_positive_month_rule
84768900,3333,control,1,29,29,29,92216269,27035721,24,1,1,eligible_by_frozen_24_positive_month_rule
84769000,3333,policy_excluded,1,29,29,29,234517489,74975248,24,1,0,eligible_by_frozen_24_positive_month_rule
84771030,3332,treated,1,29,20,11,11311043,692172,24,0,0,below_frozen_24_positive_month_rule
84771040,3332,treated,1,26,20,5,1962151,275435,24,0,0,below_frozen_24_positive_month_rule
84771090,3332,treated,5,29,29,29,2038006078,340103142,24,1,1,eligible_by_frozen_24_positive_month_rule
84772000,3332,treated,6,29,29,29,401390910,21241685,24,1,1,eligible_by_frozen_24_positive_month_rule
84773000,3332,treated,1,29,29,28,538455553,19038728,24,1,1,eligible_by_frozen_24_positive_month_rule
84774001,3332,treated,1,29,29,26,196964741,4889396,24,1,1,eligible_by_frozen_24_positive_month_rule
84775100,3332,treated,2,29,29,27,223444158,51294172,24,1,1,eligible_by_frozen_24_positive_month_rule
84775901,3332,policy_excluded,1,29,29,29,312562295,16767591,24,1,0,eligible_by_frozen_24_positive_month_rule
84778000,3332,treated,1,29,29,29,1086810795,164065578,24,1,1,eligible_by_frozen_24_positive_month_rule
84779025,3332,treated,2,29,29,29,141455497,14724349,24,1,1,eligible_by_frozen_24_positive_month_rule
84779065,3332,treated,1,29,29,22,15478964,777776,24,0,0,below_frozen_24_positive_month_rule
84779085,3332,treated,5,29,29,29,2861416565,310609757,24,1,1,eligible_by_frozen_24_positive_month_rule
84781000,3332,control,2,29,29,29,97455605,16966641,24,1,1,eligible_by_frozen_24_positive_month_rule
84789000,3332,control,2,29,29,23,101262630,464404,24,0,0,below_frozen_24_positive_month_rule
84791000,3331,treated,3,29,29,29,784622510,15193597,24,1,1,eligible_by_frozen_24_positive_month_rule
84792000,3332,treated,1,29,29,27,61696643,14200224,24,1,1,eligible_by_frozen_24_positive_month_rule
84793000,3332,treated,1,29,27,21,115575663,4591179,24,0,0,below_frozen_24_positive_month_rule
84794000,3335,treated,1,29,29,29,133814614,16438975,24,1,1,eligible_by_frozen_24_positive_month_rule
84795000,3339,treated,1,29,29,29,900999543,38966690,24,1,1,eligible_by_frozen_24_positive_month_rule
84796000,3334,policy_excluded,1,29,29,29,81145550,47097737,24,1,0,eligible_by_frozen_24_positive_month_rule
84798100,3335,treated,1,29,29,29,247232756,19603862,24,1,1,eligible_by_frozen_24_positive_month_rule
84798200,3339,treated,2,29,29,29,1067426505,92389193,24,1,1,eligible_by_frozen_24_positive_month_rule
84798910,3334,policy_excluded,1,29,29,29,461211263,396036624,24,1,0,eligible_by_frozen_24_positive_month_rule
84798983,3332,policy_excluded,1,29,18,8,21378830,706234,24,0,0,below_frozen_24_positive_month_rule
84799041,3334,policy_excluded,1,29,29,29,54202784,17258102,24,1,0,eligible_by_frozen_24_positive_month_rule
84801000,3332,policy_excluded,1,29,29,26,8150398,4354178,24,1,0,eligible_by_frozen_24_positive_month_rule
84802000,3335,treated,1,29,29,29,47676839,16207230,24,1,1,eligible_by_frozen_24_positive_month_rule
84804100,3335,treated,1,29,29,29,282257540,52902657,24,1,1,eligible_by_frozen_24_positive_month_rule
84804900,3335,treated,1,29,29,29,139043613,27483828,24,1,1,eligible_by_frozen_24_positive_month_rule
84805000,3335,treated,2,29,29,29,141542106,33613109,24,1,1,eligible_by_frozen_24_positive_month_rule
84806000,3335,control,2,29,29,29,371637995,37020604,24,1,1,eligible_by_frozen_24_positive_month_rule
84807110,3335,treated,1,29,29,29,23393966,3791841,24,1,1,eligible_by_frozen_24_positive_month_rule
84807180,3335,treated,2,29,29,29,4351421074,971461013,24,1,1,eligible_by_frozen_24_positive_month_rule
84807910,3335,policy_excluded,1,29,28,22,3087508,1180056,24,0,0,below_frozen_24_positive_month_rule
84807990,3335,policy_excluded,3,29,29,29,505818668,143251082,24,1,0,eligible_by_frozen_24_positive_month_rule
84831050,3336,policy_excluded,1,29,29,29,1767713720,372911800,24,1,0,eligible_by_frozen_24_positive_month_rule
84834030,3336,policy_excluded,2,29,29,29,54780054,6748646,24,1,0,eligible_by_frozen_24_positive_month_rule
84834050,3336,policy_excluded,2,29,29,29,3481990014,649481771,24,1,0,eligible_by_frozen_24_positive_month_rule
84834070,3336,policy_excluded,1,29,29,29,141714953,20261849,24,1,0,eligible_by_frozen_24_positive_month_rule
84834090,3336,policy_excluded,1,29,29,29,1576500998,331888771,24,1,0,eligible_by_frozen_24_positive_month_rule
84835090,3336,policy_excluded,2,29,29,29,952390448,227711533,24,1,0,eligible_by_frozen_24_positive_month_rule
84836040,3336,policy_excluded,2,29,29,29,350357167,22999063,24,1,0,eligible_by_frozen_24_positive_month_rule
84836080,3336,policy_excluded,1,29,29,29,479928503,33113560,24,1,0,eligible_by_frozen_24_positive_month_rule
84839010,3336,policy_excluded,2,29,29,29,334088278,94832117,24,1,0,eligible_by_frozen_24_positive_month_rule
84839050,3336,policy_excluded,1,29,29,29,2425553631,500676460,24,1,0,eligible_by_frozen_24_positive_month_rule
84839080,3336,policy_excluded,3,29,29,29,1105663560,311122065,24,1,0,eligible_by_frozen_24_positive_month_rule
84861000,3332,policy_excluded,1,29,29,26,272358881,2327538,24,1,0,eligible_by_frozen_24_positive_month_rule
84862000,3332,policy_excluded,1,29,29,29,7806400139,722927014,24,1,0,eligible_by_frozen_24_positive_month_rule
84863000,3332,policy_excluded,1,29,28,25,15448812,1259153,24,1,0,eligible_by_frozen_24_positive_month_rule
84864000,3332,policy_excluded,3,29,29,29,1310093687,21983465,24,1,0,eligible_by_frozen_24_positive_month_rule
84869000,3332,policy_excluded,1,29,29,29,7325138303,923726434,24,1,0,eligible_by_frozen_24_positive_month_rule
85023100,3336,treated,1,29,29,29,383393592,90078130,24,1,1,eligible_by_frozen_24_positive_month_rule
85102010,3331,policy_excluded,1,29,29,29,10972200,6838064,24,1,0,eligible_by_frozen_24_positive_month_rule
85109030,3331,policy_excluded,1,29,27,25,6910508,2468827,24,1,0,eligible_by_frozen_24_positive_month_rule
85141000,3339,treated,1,29,29,29,354537756,39078155,24,1,1,eligible_by_frozen_24_positive_month_rule
85142040,3333,policy_excluded,1,29,29,29,77786328,24240536,24,1,0,eligible_by_frozen_24_positive_month_rule
85142060,3339,policy_excluded,1,28,24,6,2487342,72935,24,0,0,below_frozen_24_positive_month_rule
85142080,3339,policy_excluded,1,29,29,29,97272380,2110125,24,1,0,eligible_by_frozen_24_positive_month_rule
85144000,3339,treated,1,29,29,29,130841603,4447655,24,1,1,eligible_by_frozen_24_positive_month_rule
85149040,3333,policy_excluded,1,29,29,29,14110387,13645406,24,1,0,eligible_by_frozen_24_positive_month_rule
85149080,3339,policy_excluded,1,29,29,29,444240869,40169378,24,1,0,eligible_by_frozen_24_positive_month_rule
85151900,3339,treated,1,29,29,29,127207785,14878400,24,1,1,eligible_by_frozen_24_positive_month_rule
85152100,3339,treated,1,29,29,28,1159911644,20552647,24,1,1,eligible_by_frozen_24_positive_month_rule
85152900,3339,treated,1,29,29,29,70409128,20802332,24,1,1,eligible_by_frozen_24_positive_month_rule
85153100,3339,treated,1,29,29,29,483973188,9699668,24,1,1,eligible_by_frozen_24_positive_month_rule
85153900,3339,treated,3,29,29,29,348255905,128636409,24,1,1,eligible_by_frozen_24_positive_month_rule
85159020,3339,treated,1,29,29,29,860139540,84440011,24,1,1,eligible_by_frozen_24_positive_month_rule
85159040,3339,treated,1,29,29,29,309243159,34664375,24,1,1,eligible_by_frozen_24_positive_month_rule
85163300,3333,control,1,29,29,29,29011895,18974907,24,1,1,eligible_by_frozen_24_positive_month_rule
85169015,3333,policy_excluded,1,29,29,28,1958679,806636,24,1,0,eligible_by_frozen_24_positive_month_rule
85198110,3333,policy_excluded,1,29,29,15,1214942,140203,24,0,0,below_frozen_24_positive_month_rule
85299078,3333,policy_excluded,1,29,29,29,9675847,2969196,24,1,0,eligible_by_frozen_24_positive_month_rule
85437020,3339,policy_excluded,1,29,29,29,118088486,6151843,24,1,0,eligible_by_frozen_24_positive_month_rule
85439085,3332,policy_excluded,1,29,28,28,16443797,8747063,24,1,0,eligible_by_frozen_24_positive_month_rule
87041010,3331,treated,1,29,20,5,399337443,908369,24,0,0,below_frozen_24_positive_month_rule
87041050,3331,treated,5,29,17,3,1860799136,9179,24,0,0,below_frozen_24_positive_month_rule
87042300,3331,treated,1,29,0,0,3123917887,0,24,0,0,below_frozen_24_positive_month_rule
87051000,3339,policy_excluded,2,29,20,2,1032649643,4886489,24,0,0,below_frozen_24_positive_month_rule
87052000,3331,policy_excluded,1,29,0,0,26858338,0,24,0,0,below_frozen_24_positive_month_rule
87060030,3331,policy_excluded,1,29,1,1,52217201,5842,24,0,0,below_frozen_24_positive_month_rule
87060050,3331,policy_excluded,1,28,12,1,378607,33600,24,0,0,below_frozen_24_positive_month_rule
87079010,3331,policy_excluded,1,29,29,25,199990789,978650,24,1,0,eligible_by_frozen_24_positive_month_rule
87083010,3331,policy_excluded,2,29,29,29,80148104,29551872,24,1,0,eligible_by_frozen_24_positive_month_rule
87084030,3331,policy_excluded,1,29,29,29,294930989,1680708,24,1,0,eligible_by_frozen_24_positive_month_rule
87084060,3331,policy_excluded,1,29,29,29,103046668,21549268,24,1,0,eligible_by_frozen_24_positive_month_rule
87084065,3331,policy_excluded,1,29,29,26,13746768,1427215,24,1,0,eligible_by_frozen_24_positive_month_rule
87085011,3331,policy_excluded,2,29,29,29,297408831,34880981,24,1,0,eligible_by_frozen_24_positive_month_rule
87085031,3331,policy_excluded,2,29,26,21,29592121,6850770,24,0,0,below_frozen_24_positive_month_rule
87085070,3331,policy_excluded,1,29,29,29,112762163,43679024,24,1,0,eligible_by_frozen_24_positive_month_rule
87085075,3331,policy_excluded,1,29,29,29,95995819,20452827,24,1,0,eligible_by_frozen_24_positive_month_rule
87087005,3331,policy_excluded,1,29,29,29,47135615,29505021,24,1,0,eligible_by_frozen_24_positive_month_rule
87087015,3331,policy_excluded,1,29,29,29,56102055,35610785,24,1,0,eligible_by_frozen_24_positive_month_rule
87087025,3331,policy_excluded,1,29,29,29,18938999,5419067,24,1,0,eligible_by_frozen_24_positive_month_rule
87087035,3331,policy_excluded,1,29,29,29,24652439,16009033,24,1,0,eligible_by_frozen_24_positive_month_rule
87088003,3331,policy_excluded,1,29,28,22,2038855,671137,24,0,0,below_frozen_24_positive_month_rule
87088005,3331,policy_excluded,1,29,29,29,38132114,13075102,24,1,0,eligible_by_frozen_24_positive_month_rule
87088051,3331,policy_excluded,1,29,29,29,4200388,1982184,24,1,0,eligible_by_frozen_24_positive_month_rule
87088055,3331,policy_excluded,1,29,29,29,25634474,7860482,24,1,0,eligible_by_frozen_24_positive_month_rule
87089110,3331,policy_excluded,1,29,29,29,76849126,12215497,24,1,0,eligible_by_frozen_24_positive_month_rule
87089160,3331,policy_excluded,1,29,29,29,14201488,9090654,24,1,0,eligible_by_frozen_24_positive_month_rule
87089165,3331,policy_excluded,1,29,29,28,10658341,3059806,24,1,0,eligible_by_frozen_24_positive_month_rule
87089210,3331,policy_excluded,1,29,29,29,57195388,6074233,24,1,0,eligible_by_frozen_24_positive_month_rule
87089260,3331,policy_excluded,1,29,29,29,16823726,9883230,24,1,0,eligible_by_frozen_24_positive_month_rule
87089265,3331,policy_excluded,1,29,29,29,1612840,1242188,24,1,0,eligible_by_frozen_24_positive_month_rule
87089315,3331,policy_excluded,1,29,29,29,47047471,5336222,24,1,0,eligible_by_frozen_24_positive_month_rule
87089330,3331,policy_excluded,1,29,29,29,48578006,14198543,24,1,0,eligible_by_frozen_24_positive_month_rule
87089410,3331,policy_excluded,1,29,29,29,28025588,2330370,24,1,0,eligible_by_frozen_24_positive_month_rule
87089460,3331,policy_excluded,1,29,29,29,14585076,1564887,24,1,0,eligible_by_frozen_24_positive_month_rule
87089465,3331,policy_excluded,1,29,29,26,28140109,1183708,24,1,0,eligible_by_frozen_24_positive_month_rule
87089510,3331,policy_excluded,1,29,6,6,4229718,74669,24,0,0,below_frozen_24_positive_month_rule
87089515,3331,policy_excluded,1,27,8,2,564135,9076,24,0,0,below_frozen_24_positive_month_rule
87089903,3331,policy_excluded,1,29,29,27,7068500,1577876,24,1,0,eligible_by_frozen_24_positive_month_rule
87089906,3331,policy_excluded,1,29,29,29,9080016,5795805,24,1,0,eligible_by_frozen_24_positive_month_rule
87089916,3331,policy_excluded,1,29,29,29,169015735,36487367,24,1,0,eligible_by_frozen_24_positive_month_rule
87089923,3331,policy_excluded,1,29,29,29,699670040,157106276,24,1,0,eligible_by_frozen_24_positive_month_rule
87089927,3331,policy_excluded,1,29,29,26,2345648,662235,24,1,0,eligible_by_frozen_24_positive_month_rule
87089931,3331,policy_excluded,1,29,29,29,9468299,6964974,24,1,0,eligible_by_frozen_24_positive_month_rule
87089941,3331,policy_excluded,1,29,29,29,85870704,8625916,24,1,0,eligible_by_frozen_24_positive_month_rule
87089948,3331,policy_excluded,2,29,29,29,309532763,23331738,24,1,0,eligible_by_frozen_24_positive_month_rule
87091100,3339,treated,2,29,29,28,76531832,7586245,24,1,1,eligible_by_frozen_24_positive_month_rule
87091900,3339,treated,2,29,29,28,256605610,14600407,24,1,1,eligible_by_frozen_24_positive_month_rule
87099000,3339,treated,3,29,29,29,369933425,66957467,24,1,1,eligible_by_frozen_24_positive_month_rule
87168010,3331,policy_excluded,1,29,29,29,47881264,19459631,24,1,0,eligible_by_frozen_24_positive_month_rule
87169010,3331,policy_excluded,3,29,29,29,52450324,32402422,24,1,0,eligible_by_frozen_24_positive_month_rule
88052100,3333,treated,1,29,5,2,30313687,25758,24,0,0,below_frozen_24_positive_month_rule
88052900,3333,treated,1,29,29,27,622542385,485835,24,1,1,eligible_by_frozen_24_positive_month_rule
90019040,3333,policy_excluded,1,29,29,29,564612491,192075727,24,1,0,eligible_by_frozen_24_positive_month_rule
90019050,3333,policy_excluded,1,29,29,29,51589116,10491139,24,1,0,eligible_by_frozen_24_positive_month_rule
90019060,3333,policy_excluded,1,29,29,29,99489447,26147457,24,1,0,eligible_by_frozen_24_positive_month_rule
90019080,3333,policy_excluded,1,29,29,24,1979079,707481,24,1,0,eligible_by_frozen_24_positive_month_rule
90019090,3333,policy_excluded,1,29,29,29,392269919,116854133,24,1,0,eligible_by_frozen_24_positive_month_rule
90021140,3333,policy_excluded,1,29,29,29,162245903,55764765,24,1,0,eligible_by_frozen_24_positive_month_rule
90021160,3333,policy_excluded,1,29,29,29,186479812,71147179,24,1,0,eligible_by_frozen_24_positive_month_rule
90021190,3333,policy_excluded,1,29,29,29,2049266016,433820890,24,1,0,eligible_by_frozen_24_positive_month_rule
90021900,3333,policy_excluded,1,29,29,29,400363626,45631224,24,1,0,eligible_by_frozen_24_positive_month_rule
90022040,3333,policy_excluded,1,29,29,29,66441465,20662712,24,1,0,eligible_by_frozen_24_positive_month_rule
90022080,3333,policy_excluded,1,29,29,29,67658655,9671817,24,1,0,eligible_by_frozen_24_positive_month_rule
90029020,3333,policy_excluded,1,29,29,29,37089364,4258298,24,1,0,eligible_by_frozen_24_positive_month_rule
90029040,3333,policy_excluded,1,29,29,29,58118813,5565872,24,1,0,eligible_by_frozen_24_positive_month_rule
90029070,3333,policy_excluded,1,27,23,9,348813,212931,24,0,0,below_frozen_24_positive_month_rule
90029085,3333,policy_excluded,1,29,29,28,11224813,6914660,24,1,0,eligible_by_frozen_24_positive_month_rule
90029095,3333,policy_excluded,1,29,29,29,346120448,49114045,24,1,0,eligible_by_frozen_24_positive_month_rule
90051000,3333,control,3,29,29,29,354083776,215213918,24,1,1,eligible_by_frozen_24_positive_month_rule
90058040,3333,control,2,29,29,29,186166603,142095410,24,1,1,eligible_by_frozen_24_positive_month_rule
90058060,3333,control,1,29,29,29,24965071,11061100,24,1,1,eligible_by_frozen_24_positive_month_rule
90059040,3333,control,1,29,22,15,736499,258637,24,0,0,below_frozen_24_positive_month_rule
90063000,3333,policy_excluded,1,29,29,29,88873463,8446434,24,1,0,eligible_by_frozen_24_positive_month_rule
90064040,3333,control,1,29,29,29,385191470,211141964,24,1,1,eligible_by_frozen_24_positive_month_rule
90064060,3333,control,1,25,25,9,163585,48350,24,0,0,below_frozen_24_positive_month_rule
90064090,3333,control,1,29,29,29,29136784,24529583,24,1,1,eligible_by_frozen_24_positive_month_rule
90065100,3333,control,3,29,29,29,5731963,3017605,24,1,1,eligible_by_frozen_24_positive_month_rule
90065210,3333,control,2,29,24,8,249725,118597,24,0,0,below_frozen_24_positive_month_rule
90065230,3333,control,1,27,25,9,456037,191571,24,0,0,below_frozen_24_positive_month_rule
90065250,3333,control,1,29,29,12,403340,120359,24,0,0,below_frozen_24_positive_month_rule
90065260,3333,control,1,8,8,3,13966,13966,24,0,0,below_frozen_24_positive_month_rule
90065291,3333,control,4,28,28,24,3580623,1247885,24,1,1,eligible_by_frozen_24_positive_month_rule;some_all_origin_months_absent
90065301,3333,control,4,29,29,29,40529277,21372102,24,1,1,eligible_by_frozen_24_positive_month_rule
90065940,3333,control,2,29,29,29,9396778,1905187,24,1,1,eligible_by_frozen_24_positive_month_rule
90065960,3333,control,1,29,27,15,152738,104322,24,0,0,below_frozen_24_positive_month_rule
90065991,3333,control,1,29,29,29,11994902,3691213,24,1,1,eligible_by_frozen_24_positive_month_rule
90066100,3333,control,3,29,29,29,141102313,61300615,24,1,1,eligible_by_frozen_24_positive_month_rule
90069900,3333,control,1,29,29,29,86904926,42846504,24,1,1,eligible_by_frozen_24_positive_month_rule
90072020,3333,policy_excluded,1,29,29,19,608594,335896,24,0,0,below_frozen_24_positive_month_rule
90072040,3333,policy_excluded,1,29,29,18,380492,173752,24,0,0,below_frozen_24_positive_month_rule
90072060,3333,policy_excluded,2,29,29,28,25053039,17929009,24,1,0,eligible_by_frozen_24_positive_month_rule
90072080,3333,policy_excluded,1,29,29,28,7055712,3115751,24,1,0,eligible_by_frozen_24_positive_month_rule
90079140,3333,control,1,29,29,29,60893783,16353528,24,1,1,eligible_by_frozen_24_positive_month_rule
90079200,3333,policy_excluded,1,29,29,29,8541292,4009665,24,1,0,eligible_by_frozen_24_positive_month_rule
90085010,3333,policy_excluded,1,29,27,23,909068,656441,24,0,0,below_frozen_24_positive_month_rule
90085020,3333,policy_excluded,1,29,26,15,240934,194146,24,0,0,below_frozen_24_positive_month_rule
90085030,3333,policy_excluded,1,28,27,16,510183,253094,24,0,0,below_frozen_24_positive_month_rule
90085040,3333,policy_excluded,1,29,29,29,77670686,59187673,24,1,0,eligible_by_frozen_24_positive_month_rule
90085050,3333,policy_excluded,1,29,28,17,3374288,424611,24,0,0,below_frozen_24_positive_month_rule
90089040,3333,policy_excluded,1,29,29,29,34553050,6469611,24,1,0,eligible_by_frozen_24_positive_month_rule
90089080,3333,policy_excluded,1,29,29,28,8506037,686494,24,1,0,eligible_by_frozen_24_positive_month_rule
90101000,3333,policy_excluded,1,29,29,29,8158764,1663029,24,1,0,eligible_by_frozen_24_positive_month_rule
90105010,3333,policy_excluded,1,22,21,17,992607,596787,24,0,0,below_frozen_24_positive_month_rule
90105020,3333,policy_excluded,1,28,27,7,731649,157613,24,0,0,below_frozen_24_positive_month_rule
90105030,3333,policy_excluded,1,23,22,6,106732,47947,24,0,0,below_frozen_24_positive_month_rule
90105040,3333,policy_excluded,1,29,22,12,1005472,124508,24,0,0,below_frozen_24_positive_month_rule
90105050,3333,policy_excluded,1,29,27,23,6359239,2441878,24,0,0,below_frozen_24_positive_month_rule
90105060,3333,policy_excluded,1,29,29,28,47865028,4343956,24,1,0,eligible_by_frozen_24_positive_month_rule
90106000,3333,policy_excluded,1,29,29,29,100319831,62900074,24,1,0,eligible_by_frozen_24_positive_month_rule
90111040,3333,treated,1,29,29,29,38633309,4341007,24,1,1,eligible_by_frozen_24_positive_month_rule
90111080,3333,treated,1,29,29,29,275938815,17056617,24,1,1,eligible_by_frozen_24_positive_month_rule
90112040,3333,policy_excluded,1,29,29,29,25915407,5601452,24,1,0,eligible_by_frozen_24_positive_month_rule
90112080,3333,policy_excluded,1,29,29,29,18371125,4909480,24,1,0,eligible_by_frozen_24_positive_month_rule
90118000,3333,policy_excluded,1,29,29,29,255083185,80856478,24,1,0,eligible_by_frozen_24_positive_month_rule
90119000,3333,treated,1,29,29,29,321530154,37941603,24,1,1,eligible_by_frozen_24_positive_month_rule
90131010,3333,policy_excluded,1,29,29,29,553875542,163208352,24,1,0,eligible_by_frozen_24_positive_month_rule
90131030,3333,policy_excluded,1,29,29,29,59313491,25484725,24,1,0,eligible_by_frozen_24_positive_month_rule
90138020,3333,policy_excluded,1,29,29,29,69779386,46279450,24,1,0,eligible_by_frozen_24_positive_month_rule
90138070,3333,policy_excluded,1,29,29,29,2416749134,617836528,24,1,0,eligible_by_frozen_24_positive_month_rule
90138090,3333,policy_excluded,1,29,29,29,2235415089,727049973,24,1,0,eligible_by_frozen_24_positive_month_rule
90139020,3333,policy_excluded,1,29,29,29,38661533,21735068,24,1,0,eligible_by_frozen_24_positive_month_rule
90139050,3333,policy_excluded,1,29,29,29,79775841,18160415,24,1,0,eligible_by_frozen_24_positive_month_rule
90160020,3339,policy_excluded,1,29,29,29,136013476,43150433,24,1,0,eligible_by_frozen_24_positive_month_rule
90160040,3339,policy_excluded,1,28,17,10,252882,69267,24,0,0,below_frozen_24_positive_month_rule
90160060,3339,policy_excluded,1,29,29,27,24739733,1124814,24,1,0,eligible_by_frozen_24_positive_month_rule
90275010,3333,treated,1,29,29,20,17038357,551087,24,0,0,below_frozen_24_positive_month_rule
90311000,3339,treated,1,29,29,29,124497809,18325534,24,1,1,eligible_by_frozen_24_positive_month_rule
90314100,3333,treated,3,29,29,29,827600187,5598901,24,1,1,eligible_by_frozen_24_positive_month_rule
90314910,3333,treated,1,29,29,29,28029935,3711408,24,1,1,eligible_by_frozen_24_positive_month_rule
90314970,3333,treated,1,29,12,5,58203476,21446,24,0,0,below_frozen_24_positive_month_rule
90314990,3333,treated,1,29,29,29,1886710295,285523216,24,1,1,eligible_by_frozen_24_positive_month_rule
90319045,3333,policy_excluded,1,29,29,28,10231185,3878428,24,1,0,eligible_by_frozen_24_positive_month_rule
95081000,3333,control,1,29,29,26,48523091,1210757,24,1,1,eligible_by_frozen_24_positive_month_rule
95089000,3333,control,1,29,29,29,685877493,78176250,24,1,1,eligible_by_frozen_24_positive_month_rule
98100050,3332,control,1,25,0,0,1837327,0,24,0,0,below_frozen_24_positive_month_rule
98170060,3331,control,1,29,29,29,721107047,182405259,24,1,1,eligible_by_frozen_24_positive_month_rule
