batch_id,notice_date,effective_date,source_url,local_path,source_sha256,explicit_hts10_count,explicit_hts10_codes,descriptive_scope_count,scope_status,notes,download_status
list1_exclusion_2018_12_28,2018-12-28,2018-07-06,https://ustr.gov/sites/default/files/enforcement/301Investigations/2018-28277.pdf,data/raw/policy/ustr-list1-exclusions-2018-12-28.pdf,dc62b8b93ab3b74f25b794c9917d364721a34e1864507009aad7cc9c8021dd70,21,8407.21.0080|8412.21.0030|8412.21.0075|8418.69.0120|8419.90.2000|8420.10.9080|8421.19.0000|8421.21.0000|8425.39.0100|8428.32.0000|8428.33.0000|8439.99.1000|8466.92.5010|8480.71.8045|8481.90.9040|8482.10.5044|8482.10.5048|8482.10.5052|8525.60.1010|9022.14.0000|9032.10.0030,present_unparsed,explicit_codes_plus_descriptions_unparsed,Explicit 10-digit codes are listed; any narrative product descriptions remain unparsed for conservative matching.,already_present_verified
list1_exclusion_2019_03_25,2019-03-25,2018-07-06,https://ustr.gov/sites/default/files/enforcement/301Investigations/84_FR_11152.pdf,data/raw/policy/ustr-list1-exclusions-2019-03-25.pdf,5d92523e5a35b6579af40958da74ddb0f489dd89b84c9bdbf53a414f116dd9b0,27,8412.21.0045|8413.70.2004|8413.91.9080|8413.91.9095|8414.90.4165|8421.19.0000|8421.21.0000|8421.22.0000|8421.99.0040|8428.32.0000|8430.31.0040|8431.49.9095|8439.91.9000|8471.70.6000|8479.10.0060|8481.30.9000|8501.10.4020|8504.32.0000|8515.11.0000|8538.90.6000|8539.90.0000|8607.21.1000|9013.80.7000|9014.80.2000|9018.90.7580|9027.90.5650|9031.80.8085,present_unparsed,explicit_codes_plus_descriptions_unparsed,Explicit 10-digit codes are listed; any narrative product descriptions remain unparsed for conservative matching.,already_present_verified
list1_exclusion_2019_04_18,2019-04-18,2018-07-06,https://ustr.gov/sites/default/files/enforcement/301Investigations/84_FR_16310.pdf,data/raw/policy/ustr-list1-exclusions-2019-04-18.pdf,f553069188e4feeb8b7573d87a5eb7169cc5e016dc51d80072c7f0cac7551543,16,8413.19.0000|8413.91.9080|8413.91.9095|8420.10.9080|8421.21.0000|8425.39.0100|8428.33.0000|8431.20.0000|8466.93.9885|8479.90.9496|8481.90.9040|8482.10.5032|8504.90.9690|8515.90.4000|8536.50.9065|9030.33.3800,present_unparsed,explicit_codes_plus_descriptions_unparsed,Explicit 10-digit codes are listed; any narrative product descriptions remain unparsed for conservative matching.,already_present_verified
list1_exclusion_2019_05_14,2019-05-14,2018-07-06,https://ustr.gov/sites/default/files/enforcement/301Investigations/84_FR_21389.pdf,data/raw/policy/ustr-list1-exclusions-2019-05-14.pdf,e560e2013df7ec907952b7a47156076eb866af954457415e15d202eec7c7537e,21,8407.21.0040|8421.21.0000|8421.39.8015|8427.10.4000|8428.39.0000|8438.80.0000|8473.40.1000|8481.10.0090|8481.90.9040|8483.50.9040|8501.10.4060|8501.52.8040|8505.90.7501|8526.92.5000|8529.90.8100|8536.49.0075|8536.50.9035|8536.50.9040|9011.10.8000|9011.90.0000|9018.20.0040,present_unparsed,explicit_codes_plus_descriptions_unparsed,Explicit 10-digit codes are listed; any narrative product descriptions remain unparsed for conservative matching.,already_present_verified
list1_exclusion_2019_06_04,2019-06-04,2018-07-06,https://ustr.gov/sites/default/files/enforcement/301Investigations/84_FR_25895.pdf,data/raw/policy/ustr-list1-exclusions-2019-06-04.pdf,76c9c79ae4657da68728551b2cd8e3a2ff7a58d4dad636066b52dbdfc0020642,44,8404.40.4000|8411.99.9085|8413.50.0010|8413.50.0070|8413.70.2004|8413.70.2005|8413.70.2090|8413.91.9010|8413.91.9060|8414.90.4190|8418.69.0110|8418.69.0180|8419.19.0040|8419.40.0080|8419.90.3000|8421.99.0080|8427.10.8090|8428.90.0290|8429.40.0020|8429.52.1010|8430.10.0000|8431.39.0010|8431.49.9010|8455.22.0000|8482.10.5060|8482.40.0000|8482.99.0500|8482.99.6595|8483.90.8010|8501.53.8040|8504.40.0000|8504.40.4000|8504.90.6500|8525.60.1050|8529.10.4040|8529.90.9900|8536.41.0050|8536.50.9035|8536.50.9065|8536.90.4000|8537.10.8000|8543.30.9040|9018.19.9560|9024.10.0000,present_unparsed,explicit_codes_plus_descriptions_unparsed,Explicit 10-digit codes are listed; any narrative product descriptions remain unparsed for conservative matching.,already_present_verified
list1_exclusion_2019_07_09,2019-07-09,2018-07-06,https://ustr.gov/sites/default/files/enforcement/301Investigations/Notice_of_Product_Exclusions.pdf,data/raw/policy/ustr-list1-exclusions-2019-07-09.pdf,75a215a8cc1e306419b5cfafe48d301bf7df30351e55451a4ef2d4f819ddbc74,75,8402.90.0010|8402.90.0090|8404.40.4000|8408.90.9010|8408.90.9020|8411.99.9090|8412.39.0080|8412.80.1000|8413.60.0030|8413.70.2015|8413.91.9010|8413.91.9095|8414.30.8030|8414.30.8050|8427.10.8070|8427.10.8090|8427.10.8095|8427.20.8090|8429.20.0000|8429.40.0040|8429.51.1015|8429.51.1040|8429.51.1045|8429.51.1050|8429.51.5010|8431.10.0010|8431.31.0040|8431.31.0060|8431.39.0070|8431.49.9044|8432.90.0060|8436.80.0090|8458.19.0020|8474.90.0010|8479.30.0000|8479.81.0000|8479.82.0040|8481.30.2090|8481.90.9060|8482.10.5016|8482.10.5024|8482.99.0500|8483.40.9000|8483.50.9080|8483.90.8080|8487.90.0080|8501.10.4060|8501.31.2000|8501.53.4080|8501.62.0000|8504.33.0020|8504.40.0000|8504.40.4000|8504.90.9650|8514.90.8000|8515.19.0000|8515.39.0020|8525.60.1030|8532.10.0000|8532.21.0050|8532.22.0085|8536.41.0045|8536.50.9025|8536.50.9031|8536.50.9065|8538.90.6000|8538.90.8120|8543.30.9080|9015.80.8080|9018.12.0000|9018.90.6000|9022.90.6000|9027.80.4530|9030.39.0100|9032.89.6070,present_unparsed,explicit_codes_plus_descriptions_unparsed,Explicit 10-digit codes are listed; any narrative product descriptions remain unparsed for conservative matching.,already_present_verified
list1_exclusion_2019_09_20,2019-09-20,2018-07-06,https://ustr.gov/sites/default/files/enforcement/301Investigations/%2434_Billion_Exclusions_Granted_September.pdf,data/raw/policy/ustr-list1-exclusions-2019-09-20.pdf,edb9e2b4c7dae2aa1d9b0f6ea293c39cbcc96fff0584c3537e45baa46ba928d6,0,,present_unparsed,explicit_codes_plus_descriptions_unparsed,Product descriptions are retained in the official notice but not automatically converted into HTS10 scope.,already_present_verified
list1_exclusion_2019_10_02,2019-10-02,2018-07-06,https://ustr.gov/sites/default/files/enforcement/301Investigations/%2434_Billion_Exclusions_Granted_October_2019.pdf,data/raw/policy/ustr-list1-exclusions-2019-10-02.pdf,1a9722ed33a85e85b566387498af76e60ba9d47b79ed8eb8c87219cd947e5610,0,,present_unparsed,explicit_codes_plus_descriptions_unparsed,Product descriptions are retained in the official notice but not automatically converted into HTS10 scope.,already_present_verified
list1_exclusion_2019_12_17,2019-12-17,2018-07-06,https://ustr.gov/sites/default/files/enforcement/301Investigations/%2434_Billion_Notice_of_Product_Exclusion_and_Amendments.pdf,data/raw/policy/ustr-list1-exclusions-2019-12-17.pdf,becfae9ebbf2328b02aa10cc95633c68b04deef95a8aaee3d9e5554e4d40a1b6,4,8414.30.8060|8536.50.9065|8541.29.0095|9030.90.4600,unknown,explicit_codes_or_scope_needs_review,Explicit 10-digit codes are listed; any narrative product descriptions remain unparsed for conservative matching.,already_present_verified
