hs6_2017,naics3,naics3_candidates,third_nearest_distance,china_share_of_all_origin_imports,control_share_min,control_share_max,exclusion_reason,post_policy_activity_used_for_matching
284590,325,325,0.737038409164,0.066919848557,0.001465359598,0.978712741432,not_selected_by_maximum_cardinality_balance_solver,0
840290,332,332,2.481614227710,0.388954436690,0.002306738573,0.965115450250,not_selected_by_maximum_cardinality_balance_solver,0
840490,332,332,1.883257354233,0.227232642736,0.002306738573,0.965115450250,not_selected_by_maximum_cardinality_balance_solver,0
840510,335,335,3.297891554179,0.043159006996,0.222919230367,0.985083737015,not_selected_by_maximum_cardinality_balance_solver,0
840590,335,335,3.254670666046,0.284593187905,0.222919230367,0.985083737015,not_selected_by_maximum_cardinality_balance_solver,0
840721,333,333,0.585721032948,0.130351791652,0.014999348562,0.950433702444,not_selected_by_maximum_cardinality_balance_solver,0
840729,333,333,0.375400206357,0.170415738309,0.014999348562,0.950433702444,not_selected_by_maximum_cardinality_balance_solver,0
840890,333,333,0.849446399488,0.045367311875,0.014999348562,0.950433702444,not_selected_by_maximum_cardinality_balance_solver,0
840910,336,336,2.877925044349,0.013463874438,0.023312624321,0.737987477458,not_selected_by_maximum_cardinality_balance_solver,0
841090,333,333,1.113298025119,0.361714851887,0.014999348562,0.950433702444,not_selected_by_maximum_cardinality_balance_solver,0
841221,333,333,0.779360162533,0.130926394093,0.014999348562,0.950433702444,not_selected_by_maximum_cardinality_balance_solver,0
841229,333,333,0.613749690448,0.065588493634,0.014999348562,0.950433702444,not_selected_by_maximum_cardinality_balance_solver,0
841231,333,333,0.443860099294,0.104823154297,0.014999348562,0.950433702444,not_selected_by_maximum_cardinality_balance_solver,0
841239,333,333,0.358963176115,0.149374328834,0.014999348562,0.950433702444,not_selected_by_maximum_cardinality_balance_solver,0
841319,333,333,0.348578265387,0.101017562667,0.014999348562,0.950433702444,not_selected_by_maximum_cardinality_balance_solver,0
841350,333,333,0.833374746103,0.140116976939,0.014999348562,0.950433702444,not_selected_by_maximum_cardinality_balance_solver,0
841360,333,333,0.716047280978,0.135660987650,0.014999348562,0.950433702444,not_selected_by_maximum_cardinality_balance_solver,0
841370,333,333,0.852287742940,0.270555033214,0.014999348562,0.950433702444,not_selected_by_maximum_cardinality_balance_solver,0
841381,333,333,0.504401298320,0.277221418447,0.014999348562,0.950433702444,not_selected_by_maximum_cardinality_balance_solver,0
841382,333,333,0.934666391583,0.089866359037,0.014999348562,0.950433702444,not_selected_by_maximum_cardinality_balance_solver,0
841690,333,333,0.451740514391,0.262732085881,0.014999348562,0.950433702444,not_selected_by_maximum_cardinality_balance_solver,0
841710,333,333,1.687866867096,0.094254331135,0.014999348562,0.950433702444,not_selected_by_maximum_cardinality_balance_solver,0
841780,333,333,0.850197613835,0.180534512058,0.014999348562,0.950433702444,not_selected_by_maximum_cardinality_balance_solver,0
841790,333,333,0.887384988107,0.111123565137,0.014999348562,0.950433702444,not_selected_by_maximum_cardinality_balance_solver,0
841869,333,333,0.951803010320,0.257420201095,0.014999348562,0.950433702444,not_selected_by_maximum_cardinality_balance_solver,0
841911,335,335,1.740578000963,0.019399914305,0.222919230367,0.985083737015,not_selected_by_maximum_cardinality_balance_solver,0
841919,335,335,1.916382787827,0.013057092767,0.222919230367,0.985083737015,not_selected_by_maximum_cardinality_balance_solver,0
841932,333,333,0.779160753844,0.047536518720,0.014999348562,0.950433702444,not_selected_by_maximum_cardinality_balance_solver,0
841939,333,333,0.520508841081,0.138991872507,0.014999348562,0.950433702444,not_selected_by_maximum_cardinality_balance_solver,0
841940,333,333,0.745149311749,0.084148128874,0.014999348562,0.950433702444,not_selected_by_maximum_cardinality_balance_solver,0
841950,332,332,1.146847535295,0.145966074551,0.002306738573,0.965115450250,not_selected_by_maximum_cardinality_balance_solver,0
842091,333,333,1.191750089484,0.015099595414,0.014999348562,0.950433702444,not_selected_by_maximum_cardinality_balance_solver,0
842119,333,333,0.483578078293,0.076003867766,0.014999348562,0.950433702444,not_selected_by_maximum_cardinality_balance_solver,0
842121,333,333,0.819911210022,0.289948791512,0.014999348562,0.950433702444,not_selected_by_maximum_cardinality_balance_solver,0
842122,333,333,0.453318255022,0.031302942293,0.014999348562,0.950433702444,not_selected_by_maximum_cardinality_balance_solver,0
842129,333,333,0.549614883373,0.094497955816,0.014999348562,0.950433702444,not_selected_by_maximum_cardinality_balance_solver,0
842199,333,333,0.918436414298,0.206508722085,0.014999348562,0.950433702444,not_selected_by_maximum_cardinality_balance_solver,0
842219,333,333,0.494008871445,0.023432905275,0.014999348562,0.950433702444,not_selected_by_maximum_cardinality_balance_solver,0
842220,333,333,0.761664798555,0.041612905152,0.014999348562,0.950433702444,not_selected_by_maximum_cardinality_balance_solver,0
842230,333,333,0.648680856363,0.111571658179,0.014999348562,0.950433702444,not_selected_by_maximum_cardinality_balance_solver,0
842240,333,333,0.537874295316,0.035470402863,0.014999348562,0.950433702444,not_selected_by_maximum_cardinality_balance_solver,0
842330,333,333,0.386812304391,0.088630283039,0.014999348562,0.950433702444,not_selected_by_maximum_cardinality_balance_solver,0
842382,333,333,0.318349977497,0.166222334241,0.014999348562,0.950433702444,not_selected_by_maximum_cardinality_balance_solver,0
842511,333,333,0.504105839206,0.184470371235,0.014999348562,0.950433702444,not_selected_by_maximum_cardinality_balance_solver,0
842539,333,333,0.404280210873,0.250114823307,0.014999348562,0.950433702444,not_selected_by_maximum_cardinality_balance_solver,0
842699,333,333,2.321403904753,0.284442445530,0.014999348562,0.950433702444,not_selected_by_maximum_cardinality_balance_solver,0
842710,333,333,0.518971375745,0.103016751326,0.014999348562,0.950433702444,not_selected_by_maximum_cardinality_balance_solver,0
842720,333,333,0.745414937851,0.088781792898,0.014999348562,0.950433702444,not_selected_by_maximum_cardinality_balance_solver,0
842820,333,333,0.541106401052,0.045688235786,0.014999348562,0.950433702444,not_selected_by_maximum_cardinality_balance_solver,0
842832,333,333,0.873451093602,0.140812191885,0.014999348562,0.950433702444,not_selected_by_maximum_cardinality_balance_solver,0
842833,333,333,0.817961642570,0.032331393837,0.014999348562,0.950433702444,not_selected_by_maximum_cardinality_balance_solver,0
842839,333,333,0.759456823002,0.062090689688,0.014999348562,0.950433702444,not_selected_by_maximum_cardinality_balance_solver,0
842890,333,333,0.835758723442,0.066921726260,0.014999348562,0.950433702444,not_selected_by_maximum_cardinality_balance_solver,0
843010,333,333,0.582944317155,0.114716327065,0.014999348562,0.950433702444,not_selected_by_maximum_cardinality_balance_solver,0
843039,333,333,2.490909549366,0.020128789589,0.014999348562,0.950433702444,not_selected_by_maximum_cardinality_balance_solver,0
843061,333,333,0.602379598139,0.097511878690,0.014999348562,0.950433702444,not_selected_by_maximum_cardinality_balance_solver,0
843069,333,333,0.408692325319,0.045356263333,0.014999348562,0.950433702444,not_selected_by_maximum_cardinality_balance_solver,0
843110,333,333,0.504700856706,0.276601905638,0.014999348562,0.950433702444,not_selected_by_maximum_cardinality_balance_solver,0
843120,333,333,0.815772905017,0.298183188164,0.014999348562,0.950433702444,not_selected_by_maximum_cardinality_balance_solver,0
843131,333,333,0.520154154777,0.268942328902,0.014999348562,0.950433702444,not_selected_by_maximum_cardinality_balance_solver,0
843139,333,333,0.865980711721,0.124191616806,0.014999348562,0.950433702444,not_selected_by_maximum_cardinality_balance_solver,0
843141,333,333,0.733058300857,0.233950673564,0.014999348562,0.950433702444,not_selected_by_maximum_cardinality_balance_solver,0
843142,333,333,0.443520091525,0.057566235252,0.014999348562,0.950433702444,not_selected_by_maximum_cardinality_balance_solver,0
843143,333,333,1.162458358507,0.186216019058,0.014999348562,0.950433702444,not_selected_by_maximum_cardinality_balance_solver,0
843149,333,333,1.230939811585,0.206358668250,0.014999348562,0.950433702444,not_selected_by_maximum_cardinality_balance_solver,0
843210,333,333,1.609661797200,0.107725078260,0.014999348562,0.950433702444,not_selected_by_maximum_cardinality_balance_solver,0
843221,333,333,0.750267221306,0.024321148785,0.014999348562,0.950433702444,not_selected_by_maximum_cardinality_balance_solver,0
843280,333,333,0.382858636100,0.077200280385,0.014999348562,0.950433702444,not_selected_by_maximum_cardinality_balance_solver,0
843290,333,333,0.484747082568,0.216763018877,0.014999348562,0.950433702444,not_selected_by_maximum_cardinality_balance_solver,0
843320,333,333,0.416808286183,0.026882826609,0.014999348562,0.950433702444,not_selected_by_maximum_cardinality_balance_solver,0
843351,333,333,0.286545920269,0.108965414325,0.014999348562,0.950433702444,not_selected_by_maximum_cardinality_balance_solver,0
843490,333,333,0.399469961137,0.093662177902,0.014999348562,0.950433702444,not_selected_by_maximum_cardinality_balance_solver,0
843610,333,333,1.173538644110,0.030605422929,0.014999348562,0.950433702444,not_selected_by_maximum_cardinality_balance_solver,0
843621,333,333,0.748683350716,0.342614988478,0.014999348562,0.950433702444,not_selected_by_maximum_cardinality_balance_solver,0
843629,333,333,0.439561008021,0.006997954161,0.014999348562,0.950433702444,not_selected_by_maximum_cardinality_balance_solver,0
843680,333,333,0.462407683663,0.079360454908,0.014999348562,0.950433702444,not_selected_by_maximum_cardinality_balance_solver,0
843691,333,333,0.469838780507,0.078920010372,0.014999348562,0.950433702444,not_selected_by_maximum_cardinality_balance_solver,0
843699,333,333,0.401353127605,0.191276690753,0.014999348562,0.950433702444,not_selected_by_maximum_cardinality_balance_solver,0
843710,333,333,0.564202124878,0.124159134251,0.014999348562,0.950433702444,not_selected_by_maximum_cardinality_balance_solver,0
843780,333,333,1.360790763296,0.101619146896,0.014999348562,0.950433702444,not_selected_by_maximum_cardinality_balance_solver,0
843790,333,333,0.424245401582,0.233716007130,0.014999348562,0.950433702444,not_selected_by_maximum_cardinality_balance_solver,0
843850,333,333,0.482240823908,0.054406955930,0.014999348562,0.950433702444,not_selected_by_maximum_cardinality_balance_solver,0
843860,333,333,0.431254039642,0.028662149254,0.014999348562,0.950433702444,not_selected_by_maximum_cardinality_balance_solver,0
843880,333,333,0.434219154326,0.107450330259,0.014999348562,0.950433702444,not_selected_by_maximum_cardinality_balance_solver,0
843991,333,333,0.546450872346,0.093539470011,0.014999348562,0.950433702444,not_selected_by_maximum_cardinality_balance_solver,0
843999,333,333,0.422347551256,0.073099409718,0.014999348562,0.950433702444,not_selected_by_maximum_cardinality_balance_solver,0
844130,333,333,0.863218035598,0.082774241924,0.014999348562,0.950433702444,not_selected_by_maximum_cardinality_balance_solver,0
844140,333,333,1.336862210018,0.213751696343,0.014999348562,0.950433702444,not_selected_by_maximum_cardinality_balance_solver,0
844180,333,333,0.680476553694,0.051035099634,0.014999348562,0.950433702444,not_selected_by_maximum_cardinality_balance_solver,0
844190,333,333,0.297523177048,0.104967916635,0.014999348562,0.950433702444,not_selected_by_maximum_cardinality_balance_solver,0
844230,333,333,0.651206665067,0.288010353503,0.014999348562,0.950433702444,not_selected_by_maximum_cardinality_balance_solver,0
844240,333,333,0.574849154399,0.295185537879,0.014999348562,0.950433702444,not_selected_by_maximum_cardinality_balance_solver,0
844400,333,333,1.892859951056,0.064102030138,0.014999348562,0.950433702444,not_selected_by_maximum_cardinality_balance_solver,0
845410,333,333,1.405173818351,0.138497412306,0.014999348562,0.950433702444,not_selected_by_maximum_cardinality_balance_solver,0
845430,333,333,0.456717867575,0.065803020266,0.014999348562,0.950433702444,not_selected_by_maximum_cardinality_balance_solver,0
845490,333,333,0.276513972655,0.131496591223,0.014999348562,0.950433702444,not_selected_by_maximum_cardinality_balance_solver,0
845522,333,333,0.467727171271,0.155873409972,0.014999348562,0.950433702444,not_selected_by_maximum_cardinality_balance_solver,0
845530,331,331,1.499493044901,0.149200321238,0.015491749426,0.924186796743,not_selected_by_maximum_cardinality_balance_solver,0
845630,333,333,0.383755233806,0.207862726476,0.014999348562,0.950433702444,not_selected_by_maximum_cardinality_balance_solver,0
845710,333,333,0.510085708441,0.005945357142,0.014999348562,0.950433702444,not_selected_by_maximum_cardinality_balance_solver,0
845811,333,333,0.717787731416,0.042533817377,0.014999348562,0.950433702444,not_selected_by_maximum_cardinality_balance_solver,0
845819,333,333,0.320295859565,0.209902919561,0.014999348562,0.950433702444,not_selected_by_maximum_cardinality_balance_solver,0
845891,333,333,2.425484356282,0.080804336611,0.014999348562,0.950433702444,not_selected_by_maximum_cardinality_balance_solver,0
845899,333,333,0.490500543950,0.154435629098,0.014999348562,0.950433702444,not_selected_by_maximum_cardinality_balance_solver,0
845961,333,333,0.348579307254,0.031087019354,0.014999348562,0.950433702444,not_selected_by_maximum_cardinality_balance_solver,0
845969,333,333,0.429227676309,0.171192773544,0.014999348562,0.950433702444,not_selected_by_maximum_cardinality_balance_solver,0
845970,333,333,0.898332083398,0.065063363281,0.014999348562,0.950433702444,not_selected_by_maximum_cardinality_balance_solver,0
846040,333,333,1.296346416846,0.052855758448,0.014999348562,0.950433702444,not_selected_by_maximum_cardinality_balance_solver,0
846090,333,333,0.355934752530,0.227297354653,0.014999348562,0.950433702444,not_selected_by_maximum_cardinality_balance_solver,0
846190,333,333,0.482251471124,0.038508680698,0.014999348562,0.950433702444,not_selected_by_maximum_cardinality_balance_solver,0
846210,333,333,0.801280804840,0.099059996052,0.014999348562,0.950433702444,not_selected_by_maximum_cardinality_balance_solver,0
846221,333,333,1.493685968900,0.032052557874,0.014999348562,0.950433702444,not_selected_by_maximum_cardinality_balance_solver,0
846229,333,333,0.329469462825,0.099252795273,0.014999348562,0.950433702444,not_selected_by_maximum_cardinality_balance_solver,0
846239,333,333,0.433203572178,0.167481723549,0.014999348562,0.950433702444,not_selected_by_maximum_cardinality_balance_solver,0
846249,333,333,0.704030696457,0.116596718705,0.014999348562,0.950433702444,not_selected_by_maximum_cardinality_balance_solver,0
846291,333,333,0.673648678344,0.084590060781,0.014999348562,0.950433702444,not_selected_by_maximum_cardinality_balance_solver,0
846299,333,333,0.363151293474,0.041834544845,0.014999348562,0.950433702444,not_selected_by_maximum_cardinality_balance_solver,0
846310,333,333,1.245593482819,0.059238022395,0.014999348562,0.950433702444,not_selected_by_maximum_cardinality_balance_solver,0
846330,333,333,0.577918178087,0.044299410077,0.014999348562,0.950433702444,not_selected_by_maximum_cardinality_balance_solver,0
846420,333,333,0.263485996734,0.161924992430,0.014999348562,0.950433702444,not_selected_by_maximum_cardinality_balance_solver,0
846490,333,333,0.255444462253,0.162770038074,0.014999348562,0.950433702444,not_selected_by_maximum_cardinality_balance_solver,0
846610,333,333,0.667876527327,0.309700098632,0.014999348562,0.950433702444,not_selected_by_maximum_cardinality_balance_solver,0
846620,333,333,0.351737655988,0.100333658649,0.014999348562,0.950433702444,not_selected_by_maximum_cardinality_balance_solver,0
846692,333,333,0.585255566774,0.167297211686,0.014999348562,0.950433702444,not_selected_by_maximum_cardinality_balance_solver,0
846694,333,333,0.455212012580,0.062054031252,0.014999348562,0.950433702444,not_selected_by_maximum_cardinality_balance_solver,0
846711,333,333,0.488441284120,0.308860768328,0.014999348562,0.950433702444,not_selected_by_maximum_cardinality_balance_solver,0
847410,333,333,0.592708748986,0.043740306200,0.014999348562,0.950433702444,not_selected_by_maximum_cardinality_balance_solver,0
847420,333,333,0.421763766054,0.072052631422,0.014999348562,0.950433702444,not_selected_by_maximum_cardinality_balance_solver,0
847431,333,333,0.391400430224,0.266029317275,0.014999348562,0.950433702444,not_selected_by_maximum_cardinality_balance_solver,0
847439,333,333,0.437758536549,0.104976607632,0.014999348562,0.950433702444,not_selected_by_maximum_cardinality_balance_solver,0
847480,333,333,0.565578401696,0.039546403012,0.014999348562,0.950433702444,not_selected_by_maximum_cardinality_balance_solver,0
847490,333,333,0.680519560981,0.224451309188,0.014999348562,0.950433702444,not_selected_by_maximum_cardinality_balance_solver,0
847590,333,333,0.365956902243,0.075029376324,0.014999348562,0.950433702444,not_selected_by_maximum_cardinality_balance_solver,0
847710,333,333,0.732554372925,0.166272215420,0.014999348562,0.950433702444,not_selected_by_maximum_cardinality_balance_solver,0
847720,333,333,0.469231179062,0.052920194431,0.014999348562,0.950433702444,not_selected_by_maximum_cardinality_balance_solver,0
847730,333,333,1.618816021995,0.035358030749,0.014999348562,0.950433702444,not_selected_by_maximum_cardinality_balance_solver,0
847740,333,333,1.049682214889,0.024823711976,0.014999348562,0.950433702444,not_selected_by_maximum_cardinality_balance_solver,0
847751,333,333,3.206717891492,0.229561481755,0.014999348562,0.950433702444,not_selected_by_maximum_cardinality_balance_solver,0
847780,333,333,0.695635276149,0.150960570832,0.014999348562,0.950433702444,not_selected_by_maximum_cardinality_balance_solver,0
847910,333,333,0.403558799012,0.019364212480,0.014999348562,0.950433702444,not_selected_by_maximum_cardinality_balance_solver,0
847920,333,333,1.448421956476,0.230162020323,0.014999348562,0.950433702444,not_selected_by_maximum_cardinality_balance_solver,0
847940,333,333,0.517965579361,0.122848876581,0.014999348562,0.950433702444,not_selected_by_maximum_cardinality_balance_solver,0
847950,333,333,0.432676709239,0.043248290527,0.014999348562,0.950433702444,not_selected_by_maximum_cardinality_balance_solver,0
847981,333,333,0.571101647179,0.079293141884,0.014999348562,0.950433702444,not_selected_by_maximum_cardinality_balance_solver,0
847982,333,333,0.542656950759,0.086553212392,0.014999348562,0.950433702444,not_selected_by_maximum_cardinality_balance_solver,0
848020,333,333,0.768390352044,0.339939273239,0.014999348562,0.950433702444,not_selected_by_maximum_cardinality_balance_solver,0
848030,332,332,1.596452628201,0.077892265323,0.002306738573,0.965115450250,not_selected_by_maximum_cardinality_balance_solver,0
848041,333,333,0.306474122150,0.187426904521,0.014999348562,0.950433702444,not_selected_by_maximum_cardinality_balance_solver,0
848049,333,333,0.441918031215,0.197663361927,0.014999348562,0.950433702444,not_selected_by_maximum_cardinality_balance_solver,0
848050,333,333,0.407695146348,0.237477807487,0.014999348562,0.950433702444,not_selected_by_maximum_cardinality_balance_solver,0
848071,333,333,1.061109686001,0.222924362535,0.014999348562,0.950433702444,not_selected_by_maximum_cardinality_balance_solver,0
848110,332,332,0.613495349127,0.170807263988,0.002306738573,0.965115450250,not_selected_by_maximum_cardinality_balance_solver,0
848120,332,332,1.543926813948,0.042491760257,0.002306738573,0.965115450250,not_selected_by_maximum_cardinality_balance_solver,0
848140,332,332,0.742627468696,0.089918264872,0.002306738573,0.965115450250,not_selected_by_maximum_cardinality_balance_solver,0
848220,332,332,0.763196231062,0.186090407348,0.002306738573,0.965115450250,not_selected_by_maximum_cardinality_balance_solver,0
848230,332,332,0.779678077773,0.166001040210,0.002306738573,0.965115450250,not_selected_by_maximum_cardinality_balance_solver,0
848240,332,332,0.575486765361,0.207747409508,0.002306738573,0.965115450250,not_selected_by_maximum_cardinality_balance_solver,0
848250,332,332,0.911688154442,0.090393698043,0.002306738573,0.965115450250,not_selected_by_maximum_cardinality_balance_solver,0
848280,332,332,1.225189010986,0.124436304441,0.002306738573,0.965115450250,not_selected_by_maximum_cardinality_balance_solver,0
848291,332,332,0.723275767088,0.274694077764,0.002306738573,0.965115450250,not_selected_by_maximum_cardinality_balance_solver,0
848299,332,332,0.857483623824,0.159561415623,0.002306738573,0.965115450250,not_selected_by_maximum_cardinality_balance_solver,0
848410,339,339,0.504812380283,0.134708805517,0.001567835630,0.979559921192,not_selected_by_maximum_cardinality_balance_solver,0
848420,339,339,0.560501021057,0.076527275930,0.001567835630,0.979559921192,not_selected_by_maximum_cardinality_balance_solver,0
848490,339,339,0.299222454885,0.072148932369,0.001567835630,0.979559921192,not_selected_by_maximum_cardinality_balance_solver,0
850162,335,335,0.990795646939,0.155515669251,0.222919230367,0.985083737015,not_selected_by_maximum_cardinality_balance_solver,0
850163,335,335,1.645823537509,0.277300199904,0.222919230367,0.985083737015,not_selected_by_maximum_cardinality_balance_solver,0
850211,335,335,1.083400054996,0.224528169926,0.222919230367,0.985083737015,not_selected_by_maximum_cardinality_balance_solver,0
850212,335,335,2.260191957079,0.209539909593,0.222919230367,0.985083737015,not_selected_by_maximum_cardinality_balance_solver,0
850213,335,335,3.921990241659,0.059174514084,0.222919230367,0.985083737015,not_selected_by_maximum_cardinality_balance_solver,0
850231,333,333,1.479919387458,0.234949492844,0.014999348562,0.950433702444,not_selected_by_maximum_cardinality_balance_solver,0
850239,333,333,0.637816422593,0.018036836084,0.014999348562,0.950433702444,not_selected_by_maximum_cardinality_balance_solver,0
850240,335,335,2.620219791879,0.025524145515,0.222919230367,0.985083737015,not_selected_by_maximum_cardinality_balance_solver,0
850421,335,335,2.667916072295,0.007976064308,0.222919230367,0.985083737015,not_selected_by_maximum_cardinality_balance_solver,0
850423,335,335,4.047203013908,0.027206696673,0.222919230367,0.985083737015,not_selected_by_maximum_cardinality_balance_solver,0
850432,334,334,0.756721017602,0.276339032210,0.006123737901,0.977544398421,not_selected_by_maximum_cardinality_balance_solver,0
850433,335,335,1.807221283883,0.018335044139,0.222919230367,0.985083737015,not_selected_by_maximum_cardinality_balance_solver,0
850434,335,335,1.398895174838,0.106923143843,0.222919230367,0.985083737015,not_selected_by_maximum_cardinality_balance_solver,0
850520,335,335,1.021925217907,0.203041518434,0.222919230367,0.985083737015,not_selected_by_maximum_cardinality_balance_solver,0
850640,335,335,3.673228297567,0.037466143354,0.222919230367,0.985083737015,not_selected_by_maximum_cardinality_balance_solver,0
850650,335,335,0.705396990909,0.232696407481,0.222919230367,0.985083737015,not_selected_by_maximum_cardinality_balance_solver,0
850660,335,335,2.168255482261,0.046846790301,0.222919230367,0.985083737015,not_selected_by_maximum_cardinality_balance_solver,0
850690,335,335,1.907880240587,0.156815625624,0.222919230367,0.985083737015,not_selected_by_maximum_cardinality_balance_solver,0
851410,333,333,0.387003222150,0.110222830541,0.014999348562,0.950433702444,not_selected_by_maximum_cardinality_balance_solver,0
851440,333,333,0.675340718249,0.033992666690,0.014999348562,0.950433702444,not_selected_by_maximum_cardinality_balance_solver,0
851511,332,332,0.798373049345,0.345953708393,0.002306738573,0.965115450250,not_selected_by_maximum_cardinality_balance_solver,0
851519,333,333,0.412598117817,0.116961395091,0.014999348562,0.950433702444,not_selected_by_maximum_cardinality_balance_solver,0
851521,333,333,2.216370780626,0.017719148787,0.014999348562,0.950433702444,not_selected_by_maximum_cardinality_balance_solver,0
851529,333,333,0.562240461884,0.295449362759,0.014999348562,0.950433702444,not_selected_by_maximum_cardinality_balance_solver,0
851531,333,333,0.486144096020,0.020041746610,0.014999348562,0.950433702444,not_selected_by_maximum_cardinality_balance_solver,0
851539,333,333,0.624180458729,0.369373231446,0.014999348562,0.950433702444,not_selected_by_maximum_cardinality_balance_solver,0
851590,333,333,0.427721810225,0.101852358601,0.014999348562,0.950433702444,not_selected_by_maximum_cardinality_balance_solver,0
852560,334,334,0.727648234975,0.331291437276,0.006123737901,0.977544398421,not_selected_by_maximum_cardinality_balance_solver,0
852610,334,334,0.714192289620,0.005810799867,0.006123737901,0.977544398421,not_selected_by_maximum_cardinality_balance_solver,0
852691,334,334,1.052334573449,0.199253610763,0.006123737901,0.977544398421,not_selected_by_maximum_cardinality_balance_solver,0
853010,334,334,2.228066702351,0.058441870514,0.006123737901,0.977544398421,not_selected_by_maximum_cardinality_balance_solver,0
853080,334,334,0.706115062509,0.116852944297,0.006123737901,0.977544398421,not_selected_by_maximum_cardinality_balance_solver,0
853090,334,334,0.756489505740,0.206798001680,0.006123737901,0.977544398421,not_selected_by_maximum_cardinality_balance_solver,0
853210,334,334,0.671440874189,0.288192850753,0.006123737901,0.977544398421,not_selected_by_maximum_cardinality_balance_solver,0
853221,334,334,0.742758683551,0.215324534917,0.006123737901,0.977544398421,not_selected_by_maximum_cardinality_balance_solver,0
853222,334,334,0.861167143374,0.142580425883,0.006123737901,0.977544398421,not_selected_by_maximum_cardinality_balance_solver,0
853223,334,334,0.850751361575,0.236318641509,0.006123737901,0.977544398421,not_selected_by_maximum_cardinality_balance_solver,0
853224,334,334,1.164919171627,0.131004074691,0.006123737901,0.977544398421,not_selected_by_maximum_cardinality_balance_solver,0
853225,334,334,0.821517399824,0.326861858056,0.006123737901,0.977544398421,not_selected_by_maximum_cardinality_balance_solver,0
853229,334,334,0.886477304636,0.331486374545,0.006123737901,0.977544398421,not_selected_by_maximum_cardinality_balance_solver,0
853230,334,334,0.513616649585,0.103639343718,0.006123737901,0.977544398421,not_selected_by_maximum_cardinality_balance_solver,0
853290,334,334,0.577663578200,0.241985827638,0.006123737901,0.977544398421,not_selected_by_maximum_cardinality_balance_solver,0
853310,334,334,0.651846943888,0.260969303429,0.006123737901,0.977544398421,not_selected_by_maximum_cardinality_balance_solver,0
853321,334,334,0.924994428663,0.123946182776,0.006123737901,0.977544398421,not_selected_by_maximum_cardinality_balance_solver,0
853329,334,334,1.007795913401,0.203624552822,0.006123737901,0.977544398421,not_selected_by_maximum_cardinality_balance_solver,0
853331,334,334,1.128409217687,0.018275197508,0.006123737901,0.977544398421,not_selected_by_maximum_cardinality_balance_solver,0
853510,335,335,1.223892255041,0.205995551587,0.222919230367,0.985083737015,not_selected_by_maximum_cardinality_balance_solver,0
853521,335,335,1.989046339181,0.028818708778,0.222919230367,0.985083737015,not_selected_by_maximum_cardinality_balance_solver,0
853529,335,335,2.082403621051,0.091086524985,0.222919230367,0.985083737015,not_selected_by_maximum_cardinality_balance_solver,0
853530,335,335,1.661540612896,0.054673598669,0.222919230367,0.985083737015,not_selected_by_maximum_cardinality_balance_solver,0
853610,335,335,1.565914529551,0.073091306560,0.222919230367,0.985083737015,not_selected_by_maximum_cardinality_balance_solver,0
853620,335,335,1.273920165494,0.054927943982,0.222919230367,0.985083737015,not_selected_by_maximum_cardinality_balance_solver,0
853649,335,335,0.706395323130,0.246323960717,0.222919230367,0.985083737015,not_selected_by_maximum_cardinality_balance_solver,0
853720,335,335,1.910892898807,0.018933667409,0.222919230367,0.985083737015,not_selected_by_maximum_cardinality_balance_solver,0
853810,335,335,1.379983200339,0.104653826946,0.222919230367,0.985083737015,not_selected_by_maximum_cardinality_balance_solver,0
853941,335,335,2.201372449091,0.044188193168,0.222919230367,0.985083737015,not_selected_by_maximum_cardinality_balance_solver,0
853990,335,335,1.066976199205,0.304055463824,0.222919230367,0.985083737015,not_selected_by_maximum_cardinality_balance_solver,0
854089,334,334,0.621247915049,0.182769516340,0.006123737901,0.977544398421,not_selected_by_maximum_cardinality_balance_solver,0
854121,334,334,0.673500632730,0.380862462927,0.006123737901,0.977544398421,not_selected_by_maximum_cardinality_balance_solver,0
854129,334,334,0.970571106156,0.195621426172,0.006123737901,0.977544398421,not_selected_by_maximum_cardinality_balance_solver,0
854130,334,334,0.934847782199,0.285843319548,0.006123737901,0.977544398421,not_selected_by_maximum_cardinality_balance_solver,0
854150,334,334,0.874637114263,0.107899056279,0.006123737901,0.977544398421,not_selected_by_maximum_cardinality_balance_solver,0
854160,334,334,0.402214351271,0.444194223261,0.006123737901,0.977544398421,not_selected_by_maximum_cardinality_balance_solver,0
854190,334,334,0.757639023507,0.166584678775,0.006123737901,0.977544398421,not_selected_by_maximum_cardinality_balance_solver,0
854320,334,334,0.845223387530,0.138574798780,0.006123737901,0.977544398421,not_selected_by_maximum_cardinality_balance_solver,0
854411,331,331,1.070797876207,0.060100795156,0.015491749426,0.924186796743,not_selected_by_maximum_cardinality_balance_solver,0
854419,331,331,1.000801464395,0.118248709243,0.015491749426,0.924186796743,not_selected_by_maximum_cardinality_balance_solver,0
854430,336,336,1.798101344935,0.051124126792,0.023312624321,0.737987477458,not_selected_by_maximum_cardinality_balance_solver,0
854470,335,335,1.027376222132,0.238010768185,0.222919230367,0.985083737015,not_selected_by_maximum_cardinality_balance_solver,0
860721,336,336,1.393460641362,0.189857701131,0.023312624321,0.737987477458,not_selected_by_maximum_cardinality_balance_solver,0
860729,336,336,1.737413677842,0.262481712781,0.023312624321,0.737987477458,not_selected_by_maximum_cardinality_balance_solver,0
860791,336,336,1.619109585512,0.321144432059,0.023312624321,0.737987477458,not_selected_by_maximum_cardinality_balance_solver,0
860799,336,336,0.658190045387,0.194255094733,0.023312624321,0.737987477458,not_selected_by_maximum_cardinality_balance_solver,0
860800,334,334,0.592838463746,0.201228499278,0.006123737901,0.977544398421,not_selected_by_maximum_cardinality_balance_solver,0
870911,333,333,1.263936500427,0.099125354794,0.014999348562,0.950433702444,not_selected_by_maximum_cardinality_balance_solver,0
870919,333,333,1.557938047854,0.056898237728,0.014999348562,0.950433702444,not_selected_by_maximum_cardinality_balance_solver,0
870990,333,333,0.292031184725,0.180998694562,0.014999348562,0.950433702444,not_selected_by_maximum_cardinality_balance_solver,0
880211,336,336,5.521901599837,0.044593560008,0.023312624321,0.737987477458,not_selected_by_maximum_cardinality_balance_solver,0
880310,336,336,8.452001138726,0.001780558718,0.023312624321,0.737987477458,not_selected_by_maximum_cardinality_balance_solver,0
880320,336,336,2.506758376270,0.011861658196,0.023312624321,0.737987477458,not_selected_by_maximum_cardinality_balance_solver,0
880330,336,336,1.651095606782,0.031323662617,0.023312624321,0.737987477458,not_selected_by_maximum_cardinality_balance_solver,0
880529,333,333,1.342398160419,0.000780404695,0.014999348562,0.950433702444,not_selected_by_maximum_cardinality_balance_solver,0
901110,333,333,0.522690789560,0.068021360977,0.014999348562,0.950433702444,not_selected_by_maximum_cardinality_balance_solver,0
901190,333,333,0.360557673605,0.118003249549,0.014999348562,0.950433702444,not_selected_by_maximum_cardinality_balance_solver,0
901210,334,334,0.660961109327,0.009703254878,0.006123737901,0.977544398421,not_selected_by_maximum_cardinality_balance_solver,0
901290,334,334,0.762450861833,0.038222305266,0.006123737901,0.977544398421,not_selected_by_maximum_cardinality_balance_solver,0
901320,335,335,1.303669944503,0.057608321516,0.222919230367,0.985083737015,not_selected_by_maximum_cardinality_balance_solver,0
901420,334,334,1.017004524698,0.006434746369,0.006123737901,0.977544398421,not_selected_by_maximum_cardinality_balance_solver,0
901480,334,334,2.383623436236,0.176570512749,0.006123737901,0.977544398421,not_selected_by_maximum_cardinality_balance_solver,0
901490,334,334,0.465928320966,0.020184262374,0.006123737901,0.977544398421,not_selected_by_maximum_cardinality_balance_solver,0
901520,334,334,0.682127520854,0.109053010385,0.006123737901,0.977544398421,not_selected_by_maximum_cardinality_balance_solver,0
901580,334,334,0.892974638673,0.098110528014,0.006123737901,0.977544398421,not_selected_by_maximum_cardinality_balance_solver,0
901811,334,334,0.717383479855,0.047959751370,0.006123737901,0.977544398421,not_selected_by_maximum_cardinality_balance_solver,0
901812,334,334,1.059670856238,0.241182568337,0.006123737901,0.977544398421,not_selected_by_maximum_cardinality_balance_solver,0
901813,334,334,0.892677438834,0.095211010040,0.006123737901,0.977544398421,not_selected_by_maximum_cardinality_balance_solver,0
901819,334,334,1.045640676625,0.123928768506,0.006123737901,0.977544398421,not_selected_by_maximum_cardinality_balance_solver,0
901820,334,334,0.610282880390,0.159319230233,0.006123737901,0.977544398421,not_selected_by_maximum_cardinality_balance_solver,0
902212,334,334,0.757485063157,0.257203273192,0.006123737901,0.977544398421,not_selected_by_maximum_cardinality_balance_solver,0
902214,334,334,0.813539933854,0.033867130602,0.006123737901,0.977544398421,not_selected_by_maximum_cardinality_balance_solver,0
902219,334,334,0.660207669934,0.068256986025,0.006123737901,0.977544398421,not_selected_by_maximum_cardinality_balance_solver,0
902221,334,334,2.072968027642,0.079632404473,0.006123737901,0.977544398421,not_selected_by_maximum_cardinality_balance_solver,0
902230,334,334,0.800564735575,0.023606979021,0.006123737901,0.977544398421,not_selected_by_maximum_cardinality_balance_solver,0
902410,334,334,0.505869924440,0.102958683325,0.006123737901,0.977544398421,not_selected_by_maximum_cardinality_balance_solver,0
902480,334,334,0.565994822071,0.077937965333,0.006123737901,0.977544398421,not_selected_by_maximum_cardinality_balance_solver,0
902490,334,334,0.497561404037,0.064091076468,0.006123737901,0.977544398421,not_selected_by_maximum_cardinality_balance_solver,0
902690,334,334,1.055661620453,0.197929172945,0.006123737901,0.977544398421,not_selected_by_maximum_cardinality_balance_solver,0
902720,334,334,0.822277792138,0.215220609777,0.006123737901,0.977544398421,not_selected_by_maximum_cardinality_balance_solver,0
902730,334,334,0.692211093698,0.127005919323,0.006123737901,0.977544398421,not_selected_by_maximum_cardinality_balance_solver,0
902780,334,334,1.015436140312,0.095799420389,0.006123737901,0.977544398421,not_selected_by_maximum_cardinality_balance_solver,0
902890,334,334,0.974532108284,0.148140691309,0.006123737901,0.977544398421,not_selected_by_maximum_cardinality_balance_solver,0
903010,334,334,1.887355148024,0.041374063076,0.006123737901,0.977544398421,not_selected_by_maximum_cardinality_balance_solver,0
903039,334,334,0.755418439446,0.129636185362,0.006123737901,0.977544398421,not_selected_by_maximum_cardinality_balance_solver,0
903040,334,334,1.034248568169,0.100764720369,0.006123737901,0.977544398421,not_selected_by_maximum_cardinality_balance_solver,0
903082,334,334,0.881838375159,0.120583231868,0.006123737901,0.977544398421,not_selected_by_maximum_cardinality_balance_solver,0
903110,333,333,0.329561924538,0.147195634583,0.014999348562,0.950433702444,not_selected_by_maximum_cardinality_balance_solver,0
903141,333,333,0.701412704792,0.006765224426,0.014999348562,0.950433702444,not_selected_by_maximum_cardinality_balance_solver,0
903180,334,334,1.039280256185,0.126468901994,0.006123737901,0.977544398421,not_selected_by_maximum_cardinality_balance_solver,0
903210,334,334,0.547847836839,0.416580937460,0.006123737901,0.977544398421,not_selected_by_maximum_cardinality_balance_solver,0
903220,334,334,0.935861235925,0.011732613754,0.006123737901,0.977544398421,not_selected_by_maximum_cardinality_balance_solver,0
903281,334,334,0.835476369288,0.112270656440,0.006123737901,0.977544398421,not_selected_by_maximum_cardinality_balance_solver,0
