treated_hs6,control_hs6,naics3,rank,distance,edge_weight,feature_period,post_policy_activity_used_for_matching
284590,290543,325,1,0.446409819768,0.333333333333,2016-01_to_2018-05,0
284590,130231,325,2,0.715000915348,0.333333333333,2016-01_to_2018-05,0
284590,291822,325,3,0.737038409157,0.333333333333,2016-01_to_2018-05,0
840290,930320,332,1,2.329798894493,0.333333333333,2016-01_to_2018-05,0
840290,821192,332,2,2.479379867401,0.333333333333,2016-01_to_2018-05,0
840290,732394,332,3,2.481614227709,0.333333333333,2016-01_to_2018-05,0
840490,821591,332,1,1.481328198882,0.333333333333,2016-01_to_2018-05,0
840490,732429,332,2,1.797535858777,0.333333333333,2016-01_to_2018-05,0
840490,830170,332,3,1.883257354233,0.333333333333,2016-01_to_2018-05,0
840510,842112,335,1,2.349074245621,0.333333333333,2016-01_to_2018-05,0
840510,842211,335,2,3.282982713568,0.333333333333,2016-01_to_2018-05,0
840510,851610,335,3,3.297891554169,0.333333333333,2016-01_to_2018-05,0
840590,842112,335,1,1.390495932915,0.333333333333,2016-01_to_2018-05,0
840590,845012,335,2,3.100648892145,0.333333333333,2016-01_to_2018-05,0
840590,630110,335,3,3.254670666041,0.333333333333,2016-01_to_2018-05,0
840721,841981,333,1,0.289484500595,0.333333333333,2016-01_to_2018-05,0
840721,846789,333,2,0.442738876547,0.333333333333,2016-01_to_2018-05,0
840721,846781,333,3,0.585721032949,0.333333333333,2016-01_to_2018-05,0
840729,840390,333,1,0.063109786217,0.333333333333,2016-01_to_2018-05,0
840729,844790,333,2,0.263755469375,0.333333333333,2016-01_to_2018-05,0
840729,846792,333,3,0.375400206358,0.333333333333,2016-01_to_2018-05,0
840890,841981,333,1,0.692109824094,0.333333333333,2016-01_to_2018-05,0
840890,950890,333,2,0.776167923849,0.333333333333,2016-01_to_2018-05,0
840890,846789,333,3,0.849446399489,0.333333333333,2016-01_to_2018-05,0
840910,880100,336,1,0.868367048162,0.333333333333,2016-01_to_2018-05,0
840910,870310,336,2,2.666517576682,0.333333333333,2016-01_to_2018-05,0
840910,871120,336,3,2.877925044349,0.333333333333,2016-01_to_2018-05,0
841090,843020,333,1,0.777213753463,0.333333333333,2016-01_to_2018-05,0
841090,842619,333,2,0.830677196692,0.333333333333,2016-01_to_2018-05,0
841090,847689,333,3,1.113298025119,0.333333333333,2016-01_to_2018-05,0
841221,841981,333,1,0.294094100515,0.333333333333,2016-01_to_2018-05,0
841221,846789,333,2,0.509727891296,0.333333333333,2016-01_to_2018-05,0
841221,846781,333,3,0.779360162539,0.333333333333,2016-01_to_2018-05,0
841229,950890,333,1,0.494509333206,0.333333333333,2016-01_to_2018-05,0
841229,846792,333,2,0.584680158025,0.333333333333,2016-01_to_2018-05,0
841229,848060,333,3,0.613749690448,0.333333333333,2016-01_to_2018-05,0
841231,950890,333,1,0.173092379095,0.333333333333,2016-01_to_2018-05,0
841231,846792,333,2,0.253262632844,0.333333333333,2016-01_to_2018-05,0
841231,846781,333,3,0.443860099298,0.333333333333,2016-01_to_2018-05,0
841239,846792,333,1,0.296890578715,0.333333333333,2016-01_to_2018-05,0
841239,840390,333,2,0.320979504785,0.333333333333,2016-01_to_2018-05,0
841239,848060,333,3,0.358963176115,0.333333333333,2016-01_to_2018-05,0
841319,846792,333,1,0.253274569515,0.333333333333,2016-01_to_2018-05,0
841319,950890,333,2,0.309231595923,0.333333333333,2016-01_to_2018-05,0
841319,840390,333,3,0.348578265385,0.333333333333,2016-01_to_2018-05,0
841350,841981,333,1,0.233002459088,0.333333333333,2016-01_to_2018-05,0
841350,846789,333,2,0.473155856224,0.333333333333,2016-01_to_2018-05,0
841350,846781,333,3,0.833374746102,0.333333333333,2016-01_to_2018-05,0
841360,841981,333,1,0.219399906631,0.333333333333,2016-01_to_2018-05,0
841360,846789,333,2,0.453341387878,0.333333333333,2016-01_to_2018-05,0
841360,846781,333,3,0.716047280979,0.333333333333,2016-01_to_2018-05,0
841370,841981,333,1,0.495766714325,0.333333333333,2016-01_to_2018-05,0
841370,846789,333,2,0.507210420207,0.333333333333,2016-01_to_2018-05,0
841370,845210,333,3,0.852287742940,0.333333333333,2016-01_to_2018-05,0
841381,846789,333,1,0.194149563062,0.333333333333,2016-01_to_2018-05,0
841381,841981,333,2,0.366621581223,0.333333333333,2016-01_to_2018-05,0
841381,845210,333,3,0.504401298314,0.333333333333,2016-01_to_2018-05,0
841382,950810,333,1,0.792669359668,0.333333333333,2016-01_to_2018-05,0
841382,844720,333,2,0.924828729793,0.333333333333,2016-01_to_2018-05,0
841382,845320,333,3,0.934666391587,0.333333333333,2016-01_to_2018-05,0
841690,845221,333,1,0.262228829119,0.333333333333,2016-01_to_2018-05,0
841690,843840,333,2,0.407165621703,0.333333333333,2016-01_to_2018-05,0
841690,846781,333,3,0.451740514387,0.333333333333,2016-01_to_2018-05,0
841710,844720,333,1,1.261922938210,0.333333333333,2016-01_to_2018-05,0
841710,840310,333,2,1.400107372547,0.333333333333,2016-01_to_2018-05,0
841710,950810,333,3,1.687866867093,0.333333333333,2016-01_to_2018-05,0
841780,841620,333,1,0.530026641197,0.333333333333,2016-01_to_2018-05,0
841780,844900,333,2,0.681577984042,0.333333333333,2016-01_to_2018-05,0
841780,843810,333,3,0.850197613832,0.333333333333,2016-01_to_2018-05,0
841790,843810,333,1,0.757657565870,0.333333333333,2016-01_to_2018-05,0
841790,844790,333,2,0.838924857147,0.333333333333,2016-01_to_2018-05,0
841790,841620,333,3,0.887384988103,0.333333333333,2016-01_to_2018-05,0
841869,841981,333,1,0.574488853063,0.333333333333,2016-01_to_2018-05,0
841869,846789,333,2,0.635761427679,0.333333333333,2016-01_to_2018-05,0
841869,845210,333,3,0.951803010317,0.333333333333,2016-01_to_2018-05,0
841911,853929,335,1,1.231948928270,0.333333333333,2016-01_to_2018-05,0
841911,851610,335,2,1.729077082377,0.333333333333,2016-01_to_2018-05,0
841911,842211,335,3,1.740578000963,0.333333333333,2016-01_to_2018-05,0
841919,853929,335,1,1.264547634954,0.333333333333,2016-01_to_2018-05,0
841919,851610,335,2,1.914069500875,0.333333333333,2016-01_to_2018-05,0
841919,842211,335,3,1.916382787825,0.333333333333,2016-01_to_2018-05,0
841932,843820,333,1,0.571605270417,0.333333333333,2016-01_to_2018-05,0
841932,843590,333,2,0.575066125006,0.333333333333,2016-01_to_2018-05,0
841932,844832,333,3,0.779160753843,0.333333333333,2016-01_to_2018-05,0
841939,848060,333,1,0.335629889430,0.333333333333,2016-01_to_2018-05,0
841939,840390,333,2,0.480938029958,0.333333333333,2016-01_to_2018-05,0
841939,846792,333,3,0.520508841075,0.333333333333,2016-01_to_2018-05,0
841940,848060,333,1,0.534644444231,0.333333333333,2016-01_to_2018-05,0
841940,842810,333,2,0.666241829082,0.333333333333,2016-01_to_2018-05,0
841940,843810,333,3,0.745149311748,0.333333333333,2016-01_to_2018-05,0
841950,731816,332,1,0.602596554170,0.333333333333,2016-01_to_2018-05,0
841950,830140,332,2,0.963946660148,0.333333333333,2016-01_to_2018-05,0
841950,830160,332,3,1.146847535296,0.333333333333,2016-01_to_2018-05,0
842091,844842,333,1,0.649170537126,0.333333333333,2016-01_to_2018-05,0
842091,845320,333,2,0.657383172743,0.333333333333,2016-01_to_2018-05,0
842091,950810,333,3,1.191750089481,0.333333333333,2016-01_to_2018-05,0
842119,848060,333,1,0.168578389988,0.333333333333,2016-01_to_2018-05,0
842119,840390,333,2,0.418449865308,0.333333333333,2016-01_to_2018-05,0
842119,846792,333,3,0.483578078290,0.333333333333,2016-01_to_2018-05,0
842121,846789,333,1,0.513914123234,0.333333333333,2016-01_to_2018-05,0
842121,841981,333,2,0.521955097335,0.333333333333,2016-01_to_2018-05,0
842121,845210,333,3,0.819911210018,0.333333333333,2016-01_to_2018-05,0
842122,843820,333,1,0.362883204012,0.333333333333,2016-01_to_2018-05,0
842122,844859,333,2,0.403706854636,0.333333333333,2016-01_to_2018-05,0
842122,844849,333,3,0.453318255025,0.333333333333,2016-01_to_2018-05,0
842129,841981,333,1,0.477434468821,0.333333333333,2016-01_to_2018-05,0
842129,846781,333,2,0.522919537351,0.333333333333,2016-01_to_2018-05,0
842129,950890,333,3,0.549614883372,0.333333333333,2016-01_to_2018-05,0
842199,841981,333,1,0.284329269847,0.333333333333,2016-01_to_2018-05,0
842199,846789,333,2,0.439074000686,0.333333333333,2016-01_to_2018-05,0
842199,845210,333,3,0.918436414297,0.333333333333,2016-01_to_2018-05,0
842219,843820,333,1,0.254545018518,0.333333333333,2016-01_to_2018-05,0
842219,844859,333,2,0.434261440308,0.333333333333,2016-01_to_2018-05,0
842219,844849,333,3,0.494008871445,0.333333333333,2016-01_to_2018-05,0
842220,843820,333,1,0.335398925851,0.333333333333,2016-01_to_2018-05,0
842220,842810,333,2,0.540126115429,0.333333333333,2016-01_to_2018-05,0
842220,843590,333,3,0.761664798559,0.333333333333,2016-01_to_2018-05,0
842230,841981,333,1,0.343891372941,0.333333333333,2016-01_to_2018-05,0
842230,846789,333,2,0.520759721419,0.333333333333,2016-01_to_2018-05,0
842230,846781,333,3,0.648680856362,0.333333333333,2016-01_to_2018-05,0
842240,950890,333,1,0.410652784867,0.333333333333,2016-01_to_2018-05,0
842240,846792,333,2,0.529101737475,0.333333333333,2016-01_to_2018-05,0
842240,848060,333,3,0.537874295314,0.333333333333,2016-01_to_2018-05,0
842330,847810,333,1,0.368205710201,0.333333333333,2016-01_to_2018-05,0
842330,840390,333,2,0.384779154815,0.333333333333,2016-01_to_2018-05,0
842330,844790,333,3,0.386812304396,0.333333333333,2016-01_to_2018-05,0
842382,846781,333,1,0.251243709291,0.333333333333,2016-01_to_2018-05,0
842382,950890,333,2,0.297890653172,0.333333333333,2016-01_to_2018-05,0
842382,846792,333,3,0.318349977506,0.333333333333,2016-01_to_2018-05,0
842511,844790,333,1,0.408963323013,0.333333333333,2016-01_to_2018-05,0
842511,846781,333,2,0.436669085988,0.333333333333,2016-01_to_2018-05,0
842511,846792,333,3,0.504105839210,0.333333333333,2016-01_to_2018-05,0
842539,845221,333,1,0.240944713020,0.333333333333,2016-01_to_2018-05,0
842539,843840,333,2,0.248005564163,0.333333333333,2016-01_to_2018-05,0
842539,846792,333,3,0.404280210874,0.333333333333,2016-01_to_2018-05,0
842699,844819,333,1,1.643964975343,0.333333333333,2016-01_to_2018-05,0
842699,844712,333,2,2.134659278055,0.333333333333,2016-01_to_2018-05,0
842699,844839,333,3,2.321403904749,0.333333333333,2016-01_to_2018-05,0
842710,841981,333,1,0.493794261227,0.333333333333,2016-01_to_2018-05,0
842710,950890,333,2,0.516693702941,0.333333333333,2016-01_to_2018-05,0
842710,846781,333,3,0.518971375752,0.333333333333,2016-01_to_2018-05,0
842720,841981,333,1,0.423638673454,0.333333333333,2016-01_to_2018-05,0
842720,846789,333,2,0.619121221689,0.333333333333,2016-01_to_2018-05,0
842720,846781,333,3,0.745414937853,0.333333333333,2016-01_to_2018-05,0
842820,841620,333,1,0.287508486452,0.333333333333,2016-01_to_2018-05,0
842820,844900,333,2,0.291754524025,0.333333333333,2016-01_to_2018-05,0
842820,843810,333,3,0.541106401051,0.333333333333,2016-01_to_2018-05,0
842832,844832,333,1,0.662172626816,0.333333333333,2016-01_to_2018-05,0
842832,843590,333,2,0.816619896238,0.333333333333,2016-01_to_2018-05,0
842832,845380,333,3,0.873451093600,0.333333333333,2016-01_to_2018-05,0
842833,844839,333,1,0.705161744739,0.333333333333,2016-01_to_2018-05,0
842833,848060,333,2,0.765050350583,0.333333333333,2016-01_to_2018-05,0
842833,842810,333,3,0.817961642570,0.333333333333,2016-01_to_2018-05,0
842839,848060,333,1,0.616082774809,0.333333333333,2016-01_to_2018-05,0
842839,950890,333,2,0.703314483528,0.333333333333,2016-01_to_2018-05,0
842839,846792,333,3,0.759456823003,0.333333333333,2016-01_to_2018-05,0
842890,841981,333,1,0.481232752269,0.333333333333,2016-01_to_2018-05,0
842890,846789,333,2,0.712352606158,0.333333333333,2016-01_to_2018-05,0
842890,846781,333,3,0.835758723444,0.333333333333,2016-01_to_2018-05,0
843010,841620,333,1,0.317791487852,0.333333333333,2016-01_to_2018-05,0
843010,843810,333,2,0.502996515148,0.333333333333,2016-01_to_2018-05,0
843010,844900,333,3,0.582944317157,0.333333333333,2016-01_to_2018-05,0
843039,844819,333,1,1.137656985162,0.333333333333,2016-01_to_2018-05,0
843039,844712,333,2,1.274658222054,0.333333333333,2016-01_to_2018-05,0
843039,844720,333,3,2.490909549372,0.333333333333,2016-01_to_2018-05,0
843061,842810,333,1,0.529558703196,0.333333333333,2016-01_to_2018-05,0
843061,843820,333,2,0.595762602538,0.333333333333,2016-01_to_2018-05,0
843061,844849,333,3,0.602379598140,0.333333333333,2016-01_to_2018-05,0
843069,842810,333,1,0.102758484257,0.333333333333,2016-01_to_2018-05,0
843069,844849,333,2,0.388819115919,0.333333333333,2016-01_to_2018-05,0
843069,844010,333,3,0.408692325316,0.333333333333,2016-01_to_2018-05,0
843110,846789,333,1,0.332960426709,0.333333333333,2016-01_to_2018-05,0
843110,841981,333,2,0.462132190413,0.333333333333,2016-01_to_2018-05,0
843110,845210,333,3,0.504700856702,0.333333333333,2016-01_to_2018-05,0
843120,846789,333,1,0.526336937506,0.333333333333,2016-01_to_2018-05,0
843120,841981,333,2,0.550792130181,0.333333333333,2016-01_to_2018-05,0
843120,843311,333,3,0.815772905018,0.333333333333,2016-01_to_2018-05,0
843131,846789,333,1,0.249885124624,0.333333333333,2016-01_to_2018-05,0
843131,841981,333,2,0.406107744842,0.333333333333,2016-01_to_2018-05,0
843131,845210,333,3,0.520154154771,0.333333333333,2016-01_to_2018-05,0
843139,841981,333,1,0.328429828321,0.333333333333,2016-01_to_2018-05,0
843139,846789,333,2,0.551576357438,0.333333333333,2016-01_to_2018-05,0
843139,846781,333,3,0.865980711723,0.333333333333,2016-01_to_2018-05,0
843141,846789,333,1,0.638860483116,0.333333333333,2016-01_to_2018-05,0
843141,841981,333,2,0.717123847948,0.333333333333,2016-01_to_2018-05,0
843141,843840,333,3,0.733058300860,0.333333333333,2016-01_to_2018-05,0
843142,842810,333,1,0.256754225144,0.333333333333,2016-01_to_2018-05,0
843142,844849,333,2,0.288226915119,0.333333333333,2016-01_to_2018-05,0
843142,843820,333,3,0.443520091526,0.333333333333,2016-01_to_2018-05,0
843143,841981,333,1,0.878078642803,0.333333333333,2016-01_to_2018-05,0
843143,846789,333,2,0.894864691940,0.333333333333,2016-01_to_2018-05,0
843143,843311,333,3,1.162458358507,0.333333333333,2016-01_to_2018-05,0
843149,841981,333,1,0.710069508370,0.333333333333,2016-01_to_2018-05,0
843149,846789,333,2,0.831619601188,0.333333333333,2016-01_to_2018-05,0
843149,843311,333,3,1.230939811585,0.333333333333,2016-01_to_2018-05,0
843210,844819,333,1,1.388571779501,0.333333333333,2016-01_to_2018-05,0
843210,844820,333,2,1.507559214056,0.333333333333,2016-01_to_2018-05,0
843210,844712,333,3,1.609661797204,0.333333333333,2016-01_to_2018-05,0
843221,844832,333,1,0.495736833128,0.333333333333,2016-01_to_2018-05,0
843221,845380,333,2,0.744559613400,0.333333333333,2016-01_to_2018-05,0
843221,844090,333,3,0.750267221307,0.333333333333,2016-01_to_2018-05,0
843280,844010,333,1,0.314831479276,0.333333333333,2016-01_to_2018-05,0
843280,842810,333,2,0.316584844708,0.333333333333,2016-01_to_2018-05,0
843280,844849,333,3,0.382858636100,0.333333333333,2016-01_to_2018-05,0
843290,846781,333,1,0.313031769087,0.333333333333,2016-01_to_2018-05,0
843290,845221,333,2,0.474419662082,0.333333333333,2016-01_to_2018-05,0
843290,846789,333,3,0.484747082568,0.333333333333,2016-01_to_2018-05,0
843320,844010,333,1,0.085446041941,0.333333333333,2016-01_to_2018-05,0
843320,844849,333,2,0.296142665292,0.333333333333,2016-01_to_2018-05,0
843320,842810,333,3,0.416808286188,0.333333333333,2016-01_to_2018-05,0
843351,843810,333,1,0.274773356068,0.333333333333,2016-01_to_2018-05,0
843351,840390,333,2,0.275523806158,0.333333333333,2016-01_to_2018-05,0
843351,844790,333,3,0.286545920269,0.333333333333,2016-01_to_2018-05,0
843490,844010,333,1,0.312556333947,0.333333333333,2016-01_to_2018-05,0
843490,846810,333,2,0.361517973083,0.333333333333,2016-01_to_2018-05,0
843490,848060,333,3,0.399469961132,0.333333333333,2016-01_to_2018-05,0
843610,844720,333,1,0.884386629089,0.333333333333,2016-01_to_2018-05,0
843610,950810,333,2,1.122438961002,0.333333333333,2016-01_to_2018-05,0
843610,844819,333,3,1.173538644112,0.333333333333,2016-01_to_2018-05,0
843621,900659,333,1,0.584558335941,0.333333333333,2016-01_to_2018-05,0
843621,900791,333,2,0.736926674837,0.333333333333,2016-01_to_2018-05,0
843621,847689,333,3,0.748683350717,0.333333333333,2016-01_to_2018-05,0
843629,843820,333,1,0.407590592127,0.333333333333,2016-01_to_2018-05,0
843629,844820,333,2,0.423738593555,0.333333333333,2016-01_to_2018-05,0
843629,844090,333,3,0.439561008018,0.333333333333,2016-01_to_2018-05,0
843680,950890,333,1,0.305739401365,0.333333333333,2016-01_to_2018-05,0
843680,846792,333,2,0.378347848040,0.333333333333,2016-01_to_2018-05,0
843680,848060,333,3,0.462407683662,0.333333333333,2016-01_to_2018-05,0
843691,843810,333,1,0.338236493698,0.333333333333,2016-01_to_2018-05,0
843691,841620,333,2,0.442786521698,0.333333333333,2016-01_to_2018-05,0
843691,844010,333,3,0.469838780507,0.333333333333,2016-01_to_2018-05,0
843699,846792,333,1,0.331780894204,0.333333333333,2016-01_to_2018-05,0
843699,846781,333,2,0.398842482091,0.333333333333,2016-01_to_2018-05,0
843699,950890,333,3,0.401353127606,0.333333333333,2016-01_to_2018-05,0
843710,841620,333,1,0.269377381718,0.333333333333,2016-01_to_2018-05,0
843710,844900,333,2,0.476809958142,0.333333333333,2016-01_to_2018-05,0
843710,843510,333,3,0.564202124878,0.333333333333,2016-01_to_2018-05,0
843780,840310,333,1,0.671164478249,0.333333333333,2016-01_to_2018-05,0
843780,845320,333,2,1.108197079267,0.333333333333,2016-01_to_2018-05,0
843780,900652,333,3,1.360790763295,0.333333333333,2016-01_to_2018-05,0
843790,843840,333,1,0.388336152827,0.333333333333,2016-01_to_2018-05,0
843790,844790,333,2,0.418036143702,0.333333333333,2016-01_to_2018-05,0
843790,845221,333,3,0.424245401585,0.333333333333,2016-01_to_2018-05,0
843850,848060,333,1,0.284928824121,0.333333333333,2016-01_to_2018-05,0
843850,843810,333,2,0.471705043851,0.333333333333,2016-01_to_2018-05,0
843850,842810,333,3,0.482240823907,0.333333333333,2016-01_to_2018-05,0
843860,844859,333,1,0.293694561310,0.333333333333,2016-01_to_2018-05,0
843860,844849,333,2,0.386163262481,0.333333333333,2016-01_to_2018-05,0
843860,843510,333,3,0.431254039644,0.333333333333,2016-01_to_2018-05,0
843880,950890,333,1,0.174455289847,0.333333333333,2016-01_to_2018-05,0
843880,846792,333,2,0.264626680415,0.333333333333,2016-01_to_2018-05,0
843880,846781,333,3,0.434219154324,0.333333333333,2016-01_to_2018-05,0
843991,848060,333,1,0.346252535192,0.333333333333,2016-01_to_2018-05,0
843991,842810,333,2,0.478424940385,0.333333333333,2016-01_to_2018-05,0
843991,840390,333,3,0.546450872348,0.333333333333,2016-01_to_2018-05,0
843999,848060,333,1,0.189861314026,0.333333333333,2016-01_to_2018-05,0
843999,840390,333,2,0.382116440241,0.333333333333,2016-01_to_2018-05,0
843999,843810,333,3,0.422347551258,0.333333333333,2016-01_to_2018-05,0
844130,848060,333,1,0.601343652762,0.333333333333,2016-01_to_2018-05,0
844130,844839,333,2,0.807218136223,0.333333333333,2016-01_to_2018-05,0
844130,840390,333,3,0.863218035600,0.333333333333,2016-01_to_2018-05,0
844140,840310,333,1,0.966756110629,0.333333333333,2016-01_to_2018-05,0
844140,900652,333,2,1.326577791769,0.333333333333,2016-01_to_2018-05,0
844140,844831,333,3,1.336862210017,0.333333333333,2016-01_to_2018-05,0
844180,848060,333,1,0.451102456418,0.333333333333,2016-01_to_2018-05,0
844180,842810,333,2,0.474068299621,0.333333333333,2016-01_to_2018-05,0
844180,844010,333,3,0.680476553699,0.333333333333,2016-01_to_2018-05,0
844190,950890,333,1,0.198193696322,0.333333333333,2016-01_to_2018-05,0
844190,846792,333,2,0.203869531123,0.333333333333,2016-01_to_2018-05,0
844190,844790,333,3,0.297523177048,0.333333333333,2016-01_to_2018-05,0
844230,845221,333,1,0.582365497122,0.333333333333,2016-01_to_2018-05,0
844230,843840,333,2,0.632825897189,0.333333333333,2016-01_to_2018-05,0
844230,846791,333,3,0.651206665063,0.333333333333,2016-01_to_2018-05,0
844240,847810,333,1,0.529486349249,0.333333333333,2016-01_to_2018-05,0
844240,846810,333,2,0.542452533702,0.333333333333,2016-01_to_2018-05,0
844240,843840,333,3,0.574849154400,0.333333333333,2016-01_to_2018-05,0
844400,844819,333,1,0.715957567494,0.333333333333,2016-01_to_2018-05,0
844400,844712,333,2,0.975776523580,0.333333333333,2016-01_to_2018-05,0
844400,844720,333,3,1.892859951064,0.333333333333,2016-01_to_2018-05,0
845410,844842,333,1,0.650362373842,0.333333333333,2016-01_to_2018-05,0
845410,845320,333,2,0.706748909853,0.333333333333,2016-01_to_2018-05,0
845410,900652,333,3,1.405173818354,0.333333333333,2016-01_to_2018-05,0
845430,841620,333,1,0.183958127518,0.333333333333,2016-01_to_2018-05,0
845430,844900,333,2,0.319095330387,0.333333333333,2016-01_to_2018-05,0
845430,843810,333,3,0.456717867573,0.333333333333,2016-01_to_2018-05,0
845490,950890,333,1,0.122783900091,0.333333333333,2016-01_to_2018-05,0
845490,846781,333,2,0.252277239487,0.333333333333,2016-01_to_2018-05,0
845490,846792,333,3,0.276513972657,0.333333333333,2016-01_to_2018-05,0
845522,846810,333,1,0.264162954643,0.333333333333,2016-01_to_2018-05,0
845522,843510,333,2,0.367253476700,0.333333333333,2016-01_to_2018-05,0
845522,844010,333,3,0.467727171272,0.333333333333,2016-01_to_2018-05,0
845530,281820,331,1,1.170330191886,0.333333333333,2016-01_to_2018-05,0
845530,811221,331,2,1.406979641430,0.333333333333,2016-01_to_2018-05,0
845530,732392,331,3,1.499493044882,0.333333333333,2016-01_to_2018-05,0
845630,843840,333,1,0.293468752791,0.333333333333,2016-01_to_2018-05,0
845630,846792,333,2,0.307959503213,0.333333333333,2016-01_to_2018-05,0
845630,845221,333,3,0.383755233810,0.333333333333,2016-01_to_2018-05,0
845710,843810,333,1,0.330774872906,0.333333333333,2016-01_to_2018-05,0
845710,844010,333,2,0.351749475790,0.333333333333,2016-01_to_2018-05,0
845710,842810,333,3,0.510085708438,0.333333333333,2016-01_to_2018-05,0
845811,848060,333,1,0.428149253214,0.333333333333,2016-01_to_2018-05,0
845811,950890,333,2,0.709018470924,0.333333333333,2016-01_to_2018-05,0
845811,840390,333,3,0.717787731417,0.333333333333,2016-01_to_2018-05,0
845819,843840,333,1,0.288481754460,0.333333333333,2016-01_to_2018-05,0
845819,840390,333,2,0.307091022139,0.333333333333,2016-01_to_2018-05,0
845819,844790,333,3,0.320295859568,0.333333333333,2016-01_to_2018-05,0
845891,844819,333,1,1.390211963466,0.333333333333,2016-01_to_2018-05,0
845891,844712,333,2,1.761401400162,0.333333333333,2016-01_to_2018-05,0
845891,844720,333,3,2.425484356289,0.333333333333,2016-01_to_2018-05,0
845899,844832,333,1,0.329454620081,0.333333333333,2016-01_to_2018-05,0
845899,843590,333,2,0.442915186030,0.333333333333,2016-01_to_2018-05,0
845899,843510,333,3,0.490500543947,0.333333333333,2016-01_to_2018-05,0
845961,844010,333,1,0.180722197458,0.333333333333,2016-01_to_2018-05,0
845961,844849,333,2,0.290233214429,0.333333333333,2016-01_to_2018-05,0
845961,843510,333,3,0.348579307255,0.333333333333,2016-01_to_2018-05,0
845969,846810,333,1,0.183109516224,0.333333333333,2016-01_to_2018-05,0
845969,847810,333,2,0.299244878713,0.333333333333,2016-01_to_2018-05,0
845969,843510,333,3,0.429227676307,0.333333333333,2016-01_to_2018-05,0
845970,844720,333,1,0.836378652112,0.333333333333,2016-01_to_2018-05,0
845970,950810,333,2,0.897206777232,0.333333333333,2016-01_to_2018-05,0
845970,844819,333,3,0.898332083394,0.333333333333,2016-01_to_2018-05,0
846040,844819,333,1,0.607068922611,0.333333333333,2016-01_to_2018-05,0
846040,844712,333,2,0.650315273545,0.333333333333,2016-01_to_2018-05,0
846040,844720,333,3,1.296346416851,0.333333333333,2016-01_to_2018-05,0
846090,843840,333,1,0.181302286785,0.333333333333,2016-01_to_2018-05,0
846090,840390,333,2,0.310938078512,0.333333333333,2016-01_to_2018-05,0
846090,845221,333,3,0.355934752530,0.333333333333,2016-01_to_2018-05,0
846190,844820,333,1,0.385806387955,0.333333333333,2016-01_to_2018-05,0
846190,843820,333,2,0.416611499947,0.333333333333,2016-01_to_2018-05,0
846190,844090,333,3,0.482251471126,0.333333333333,2016-01_to_2018-05,0
846210,848060,333,1,0.533756058740,0.333333333333,2016-01_to_2018-05,0
846210,840390,333,2,0.782721818979,0.333333333333,2016-01_to_2018-05,0
846210,844839,333,3,0.801280804848,0.333333333333,2016-01_to_2018-05,0
846221,844720,333,1,1.133760032541,0.333333333333,2016-01_to_2018-05,0
846221,844900,333,2,1.397694128513,0.333333333333,2016-01_to_2018-05,0
846221,844819,333,3,1.493685968898,0.333333333333,2016-01_to_2018-05,0
846229,844790,333,1,0.208227526595,0.333333333333,2016-01_to_2018-05,0
846229,950890,333,2,0.268956920355,0.333333333333,2016-01_to_2018-05,0
846229,846792,333,3,0.329469462823,0.333333333333,2016-01_to_2018-05,0
846239,847810,333,1,0.138833939276,0.333333333333,2016-01_to_2018-05,0
846239,846810,333,2,0.297160345191,0.333333333333,2016-01_to_2018-05,0
846239,843510,333,3,0.433203572177,0.333333333333,2016-01_to_2018-05,0
846249,842810,333,1,0.510321686512,0.333333333333,2016-01_to_2018-05,0
846249,843820,333,2,0.601987043242,0.333333333333,2016-01_to_2018-05,0
846249,844839,333,3,0.704030696462,0.333333333333,2016-01_to_2018-05,0
846291,848060,333,1,0.406608827844,0.333333333333,2016-01_to_2018-05,0
846291,842810,333,2,0.542879505752,0.333333333333,2016-01_to_2018-05,0
846291,840390,333,3,0.673648678341,0.333333333333,2016-01_to_2018-05,0
846299,844010,333,1,0.095313498167,0.333333333333,2016-01_to_2018-05,0
846299,844849,333,2,0.266668590966,0.333333333333,2016-01_to_2018-05,0
846299,842810,333,3,0.363151293478,0.333333333333,2016-01_to_2018-05,0
846310,844819,333,1,0.471182272187,0.333333333333,2016-01_to_2018-05,0
846310,844712,333,2,0.767393870599,0.333333333333,2016-01_to_2018-05,0
846310,844720,333,3,1.245593482823,0.333333333333,2016-01_to_2018-05,0
846330,843820,333,1,0.399274876173,0.333333333333,2016-01_to_2018-05,0
846330,842810,333,2,0.489689454140,0.333333333333,2016-01_to_2018-05,0
846330,844900,333,3,0.577918178086,0.333333333333,2016-01_to_2018-05,0
846420,840390,333,1,0.168279921233,0.333333333333,2016-01_to_2018-05,0
846420,844790,333,2,0.242988885808,0.333333333333,2016-01_to_2018-05,0
846420,846792,333,3,0.263485996733,0.333333333333,2016-01_to_2018-05,0
846490,844790,333,1,0.163372153334,0.333333333333,2016-01_to_2018-05,0
846490,846792,333,2,0.201577418403,0.333333333333,2016-01_to_2018-05,0
846490,840390,333,3,0.255444462258,0.333333333333,2016-01_to_2018-05,0
846610,846789,333,1,0.397491241007,0.333333333333,2016-01_to_2018-05,0
846610,841981,333,2,0.537784582119,0.333333333333,2016-01_to_2018-05,0
846610,845210,333,3,0.667876527320,0.333333333333,2016-01_to_2018-05,0
846620,950890,333,1,0.129298655438,0.333333333333,2016-01_to_2018-05,0
846620,846792,333,2,0.232437555036,0.333333333333,2016-01_to_2018-05,0
846620,844790,333,3,0.351737655989,0.333333333333,2016-01_to_2018-05,0
846692,846792,333,1,0.497751242953,0.333333333333,2016-01_to_2018-05,0
846692,848060,333,2,0.561697965132,0.333333333333,2016-01_to_2018-05,0
846692,950890,333,3,0.585255566773,0.333333333333,2016-01_to_2018-05,0
846694,950890,333,1,0.304576439766,0.333333333333,2016-01_to_2018-05,0
846694,846792,333,2,0.393114271397,0.333333333333,2016-01_to_2018-05,0
846694,848060,333,3,0.455212012579,0.333333333333,2016-01_to_2018-05,0
846711,845210,333,1,0.394885233574,0.333333333333,2016-01_to_2018-05,0
846711,846789,333,2,0.477158538094,0.333333333333,2016-01_to_2018-05,0
846711,845221,333,3,0.488441284119,0.333333333333,2016-01_to_2018-05,0
847410,843810,333,1,0.293971734118,0.333333333333,2016-01_to_2018-05,0
847410,844790,333,2,0.452397147265,0.333333333333,2016-01_to_2018-05,0
847410,844010,333,3,0.592708748987,0.333333333333,2016-01_to_2018-05,0
847420,848060,333,1,0.291891432929,0.333333333333,2016-01_to_2018-05,0
847420,843810,333,2,0.313725579039,0.333333333333,2016-01_to_2018-05,0
847420,840390,333,3,0.421763766055,0.333333333333,2016-01_to_2018-05,0
847431,843840,333,1,0.164110540111,0.333333333333,2016-01_to_2018-05,0
847431,845221,333,2,0.285110213037,0.333333333333,2016-01_to_2018-05,0
847431,846791,333,3,0.391400430226,0.333333333333,2016-01_to_2018-05,0
847439,841620,333,1,0.349893182643,0.333333333333,2016-01_to_2018-05,0
847439,843510,333,2,0.372022659860,0.333333333333,2016-01_to_2018-05,0
847439,843590,333,3,0.437758536545,0.333333333333,2016-01_to_2018-05,0
847480,841620,333,1,0.308666387672,0.333333333333,2016-01_to_2018-05,0
847480,844900,333,2,0.392095413955,0.333333333333,2016-01_to_2018-05,0
847480,844010,333,3,0.565578401699,0.333333333333,2016-01_to_2018-05,0
847490,841981,333,1,0.181437160860,0.333333333333,2016-01_to_2018-05,0
847490,846789,333,2,0.224787253987,0.333333333333,2016-01_to_2018-05,0
847490,846781,333,3,0.680519560986,0.333333333333,2016-01_to_2018-05,0
847590,848060,333,1,0.201678699135,0.333333333333,2016-01_to_2018-05,0
847590,843810,333,2,0.302711441969,0.333333333333,2016-01_to_2018-05,0
847590,840390,333,3,0.365956902247,0.333333333333,2016-01_to_2018-05,0
847710,841981,333,1,0.272082424690,0.333333333333,2016-01_to_2018-05,0
847710,846789,333,2,0.376726273558,0.333333333333,2016-01_to_2018-05,0
847710,846781,333,3,0.732554372929,0.333333333333,2016-01_to_2018-05,0
847720,843810,333,1,0.334082081090,0.333333333333,2016-01_to_2018-05,0
847720,848060,333,2,0.424825637747,0.333333333333,2016-01_to_2018-05,0
847720,844010,333,3,0.469231179063,0.333333333333,2016-01_to_2018-05,0
847730,844819,333,1,1.161589069023,0.333333333333,2016-01_to_2018-05,0
847730,844839,333,2,1.555223859159,0.333333333333,2016-01_to_2018-05,0
847730,844720,333,3,1.618816021993,0.333333333333,2016-01_to_2018-05,0
847740,844819,333,1,0.584024624525,0.333333333333,2016-01_to_2018-05,0
847740,844712,333,2,0.746729352507,0.333333333333,2016-01_to_2018-05,0
847740,844720,333,3,1.049682214888,0.333333333333,2016-01_to_2018-05,0
847751,844819,333,1,2.440027344479,0.333333333333,2016-01_to_2018-05,0
847751,844712,333,2,2.823497825484,0.333333333333,2016-01_to_2018-05,0
847751,844839,333,3,3.206717891485,0.333333333333,2016-01_to_2018-05,0
847780,841981,333,1,0.683927556406,0.333333333333,2016-01_to_2018-05,0
847780,950890,333,2,0.691004312332,0.333333333333,2016-01_to_2018-05,0
847780,846789,333,3,0.695635276155,0.333333333333,2016-01_to_2018-05,0
847910,844010,333,1,0.227055959979,0.333333333333,2016-01_to_2018-05,0
847910,842810,333,2,0.366116327435,0.333333333333,2016-01_to_2018-05,0
847910,844849,333,3,0.403558799014,0.333333333333,2016-01_to_2018-05,0
847920,844720,333,1,0.907654547543,0.333333333333,2016-01_to_2018-05,0
847920,843020,333,2,1.433888857264,0.333333333333,2016-01_to_2018-05,0
847920,900652,333,3,1.448421956477,0.333333333333,2016-01_to_2018-05,0
847940,841620,333,1,0.333685249238,0.333333333333,2016-01_to_2018-05,0
847940,843810,333,2,0.451057687296,0.333333333333,2016-01_to_2018-05,0
847940,846810,333,3,0.517965579359,0.333333333333,2016-01_to_2018-05,0
847950,848060,333,1,0.350723694729,0.333333333333,2016-01_to_2018-05,0
847950,843810,333,2,0.382235252231,0.333333333333,2016-01_to_2018-05,0
847950,844790,333,3,0.432676709239,0.333333333333,2016-01_to_2018-05,0
847981,842810,333,1,0.491900756705,0.333333333333,2016-01_to_2018-05,0
847981,848060,333,2,0.520795575256,0.333333333333,2016-01_to_2018-05,0
847981,841620,333,3,0.571101647183,0.333333333333,2016-01_to_2018-05,0
847982,950890,333,1,0.343629147709,0.333333333333,2016-01_to_2018-05,0
847982,846792,333,2,0.419739362245,0.333333333333,2016-01_to_2018-05,0
847982,848060,333,3,0.542656950759,0.333333333333,2016-01_to_2018-05,0
848020,900791,333,1,0.351642849089,0.333333333333,2016-01_to_2018-05,0
848020,847689,333,2,0.391458445350,0.333333333333,2016-01_to_2018-05,0
848020,900659,333,3,0.768390352050,0.333333333333,2016-01_to_2018-05,0
848030,930320,332,1,1.412219483267,0.333333333333,2016-01_to_2018-05,0
848030,821591,332,2,1.528910811387,0.333333333333,2016-01_to_2018-05,0
848030,732429,332,3,1.596452628202,0.333333333333,2016-01_to_2018-05,0
848041,846792,333,1,0.133167141732,0.333333333333,2016-01_to_2018-05,0
848041,843840,333,2,0.220571143281,0.333333333333,2016-01_to_2018-05,0
848041,840390,333,3,0.306474122151,0.333333333333,2016-01_to_2018-05,0
848049,840390,333,1,0.277335195972,0.333333333333,2016-01_to_2018-05,0
848049,848060,333,2,0.412226564997,0.333333333333,2016-01_to_2018-05,0
848049,846810,333,3,0.441918031215,0.333333333333,2016-01_to_2018-05,0
848050,843840,333,1,0.237252864933,0.333333333333,2016-01_to_2018-05,0
848050,845221,333,2,0.382717630788,0.333333333333,2016-01_to_2018-05,0
848050,840390,333,3,0.407695146347,0.333333333333,2016-01_to_2018-05,0
848071,841981,333,1,0.509599718581,0.333333333333,2016-01_to_2018-05,0
848071,846789,333,2,0.602952193256,0.333333333333,2016-01_to_2018-05,0
848071,845210,333,3,1.061109686001,0.333333333333,2016-01_to_2018-05,0
848110,761010,332,1,0.433190321960,0.333333333333,2016-01_to_2018-05,0
848110,821220,332,2,0.533950757593,0.333333333333,2016-01_to_2018-05,0
848110,930520,332,3,0.613495349122,0.333333333333,2016-01_to_2018-05,0
848120,830170,332,1,1.114266816592,0.333333333333,2016-01_to_2018-05,0
848120,731816,332,2,1.126862447096,0.333333333333,2016-01_to_2018-05,0
848120,732020,332,3,1.543926813921,0.333333333333,2016-01_to_2018-05,0
848140,732020,332,1,0.679627009448,0.333333333333,2016-01_to_2018-05,0
848140,930520,332,2,0.689770749113,0.333333333333,2016-01_to_2018-05,0
848140,830170,332,3,0.742627468694,0.333333333333,2016-01_to_2018-05,0
848220,761010,332,1,0.579414083472,0.333333333333,2016-01_to_2018-05,0
848220,731816,332,2,0.719932264683,0.333333333333,2016-01_to_2018-05,0
848220,830140,332,3,0.763196231062,0.333333333333,2016-01_to_2018-05,0
848230,830170,332,1,0.532033802421,0.333333333333,2016-01_to_2018-05,0
848230,930520,332,2,0.770280917229,0.333333333333,2016-01_to_2018-05,0
848230,732020,332,3,0.779678077745,0.333333333333,2016-01_to_2018-05,0
848240,732020,332,1,0.494897275450,0.333333333333,2016-01_to_2018-05,0
848240,930520,332,2,0.512147725432,0.333333333333,2016-01_to_2018-05,0
848240,821220,332,3,0.575486765363,0.333333333333,2016-01_to_2018-05,0
848250,830170,332,1,0.605985729631,0.333333333333,2016-01_to_2018-05,0
848250,732020,332,2,0.868180796692,0.333333333333,2016-01_to_2018-05,0
848250,930520,332,3,0.911688154441,0.333333333333,2016-01_to_2018-05,0
848280,830170,332,1,0.885663034938,0.333333333333,2016-01_to_2018-05,0
848280,821591,332,2,0.953520527649,0.333333333333,2016-01_to_2018-05,0
848280,732429,332,3,1.225189010980,0.333333333333,2016-01_to_2018-05,0
848291,930520,332,1,0.679319765658,0.333333333333,2016-01_to_2018-05,0
848291,821220,332,2,0.721638337285,0.333333333333,2016-01_to_2018-05,0
848291,830130,332,3,0.723275767082,0.333333333333,2016-01_to_2018-05,0
848299,761010,332,1,0.708329018067,0.333333333333,2016-01_to_2018-05,0
848299,731816,332,2,0.733095533283,0.333333333333,2016-01_to_2018-05,0
848299,830140,332,3,0.857483623826,0.333333333333,2016-01_to_2018-05,0
848410,950632,339,1,0.262604099760,0.333333333333,2016-01_to_2018-05,0
848410,340600,339,2,0.296266694393,0.333333333333,2016-01_to_2018-05,0
848410,961310,339,3,0.504812380285,0.333333333333,2016-01_to_2018-05,0
848420,961310,339,1,0.211108699974,0.333333333333,2016-01_to_2018-05,0
848420,901850,339,2,0.232877500610,0.333333333333,2016-01_to_2018-05,0
848420,340600,339,3,0.560501021048,0.333333333333,2016-01_to_2018-05,0
848490,920120,339,1,0.187630285346,0.333333333333,2016-01_to_2018-05,0
848490,902129,339,2,0.256209536233,0.333333333333,2016-01_to_2018-05,0
848490,902000,339,3,0.299222454883,0.333333333333,2016-01_to_2018-05,0
850162,853929,335,1,0.958401226342,0.333333333333,2016-01_to_2018-05,0
850162,842211,335,2,0.986207463530,0.333333333333,2016-01_to_2018-05,0
850162,851610,335,3,0.990795646936,0.333333333333,2016-01_to_2018-05,0
850163,842211,335,1,1.325001879872,0.333333333333,2016-01_to_2018-05,0
850163,851610,335,2,1.386504856013,0.333333333333,2016-01_to_2018-05,0
850163,853929,335,3,1.645823537503,0.333333333333,2016-01_to_2018-05,0
850211,853929,335,1,0.484999739552,0.333333333333,2016-01_to_2018-05,0
850211,842211,335,2,1.081160822839,0.333333333333,2016-01_to_2018-05,0
850211,851610,335,3,1.083400054999,0.333333333333,2016-01_to_2018-05,0
850212,842211,335,1,1.837804194464,0.333333333333,2016-01_to_2018-05,0
850212,851610,335,2,1.867036203333,0.333333333333,2016-01_to_2018-05,0
850212,853929,335,3,2.260191957067,0.333333333333,2016-01_to_2018-05,0
850213,842112,335,1,1.494968513657,0.333333333333,2016-01_to_2018-05,0
850213,845012,335,2,3.348641458223,0.333333333333,2016-01_to_2018-05,0
850213,630110,335,3,3.921990241659,0.333333333333,2016-01_to_2018-05,0
850231,843020,333,1,0.545410729432,0.333333333333,2016-01_to_2018-05,0
850231,842619,333,2,0.640105253774,0.333333333333,2016-01_to_2018-05,0
850231,847689,333,3,1.479919387459,0.333333333333,2016-01_to_2018-05,0
850239,843820,333,1,0.225318999885,0.333333333333,2016-01_to_2018-05,0
850239,842810,333,2,0.359090862761,0.333333333333,2016-01_to_2018-05,0
850239,844849,333,3,0.637816422591,0.333333333333,2016-01_to_2018-05,0
850240,853929,335,1,2.100347076655,0.333333333333,2016-01_to_2018-05,0
850240,842211,335,2,2.603080726220,0.333333333333,2016-01_to_2018-05,0
850240,851610,335,3,2.620219791879,0.333333333333,2016-01_to_2018-05,0
850421,842211,335,1,2.584706202543,0.333333333333,2016-01_to_2018-05,0
850421,851610,335,2,2.599632849771,0.333333333333,2016-01_to_2018-05,0
850421,853929,335,3,2.667916072297,0.333333333333,2016-01_to_2018-05,0
850423,842112,335,1,2.433751015422,0.333333333333,2016-01_to_2018-05,0
850423,845012,335,2,3.768412910374,0.333333333333,2016-01_to_2018-05,0
850423,630110,335,3,4.047203013906,0.333333333333,2016-01_to_2018-05,0
850432,902140,334,1,0.703620722277,0.333333333333,2016-01_to_2018-05,0
850432,911490,334,2,0.751086257397,0.333333333333,2016-01_to_2018-05,0
850432,910599,334,3,0.756721017603,0.333333333333,2016-01_to_2018-05,0
850433,853929,335,1,1.218571456040,0.333333333333,2016-01_to_2018-05,0
850433,851610,335,2,1.805704896923,0.333333333333,2016-01_to_2018-05,0
850433,842211,335,3,1.807221283883,0.333333333333,2016-01_to_2018-05,0
850434,853929,335,1,1.234652849012,0.333333333333,2016-01_to_2018-05,0
850434,851610,335,2,1.389164526204,0.333333333333,2016-01_to_2018-05,0
850434,842211,335,3,1.398895174839,0.333333333333,2016-01_to_2018-05,0
850520,853929,335,1,0.683156539918,0.333333333333,2016-01_to_2018-05,0
850520,842211,335,2,0.977897908448,0.333333333333,2016-01_to_2018-05,0
850520,851610,335,3,1.021925217909,0.333333333333,2016-01_to_2018-05,0
850640,853929,335,1,2.646049055783,0.333333333333,2016-01_to_2018-05,0
850640,850410,335,2,3.330832639539,0.333333333333,2016-01_to_2018-05,0
850640,851610,335,3,3.673228297561,0.333333333333,2016-01_to_2018-05,0
850650,853929,335,1,0.520225335361,0.333333333333,2016-01_to_2018-05,0
850650,851610,335,2,0.689048965409,0.333333333333,2016-01_to_2018-05,0
850650,842211,335,3,0.705396990907,0.333333333333,2016-01_to_2018-05,0
850660,853929,335,1,1.622873406626,0.333333333333,2016-01_to_2018-05,0
850660,842211,335,2,2.152103166454,0.333333333333,2016-01_to_2018-05,0
850660,851610,335,3,2.168255482262,0.333333333333,2016-01_to_2018-05,0
850690,853929,335,1,1.033400685394,0.333333333333,2016-01_to_2018-05,0
850690,842211,335,2,1.875689254515,0.333333333333,2016-01_to_2018-05,0
850690,851610,335,3,1.907880240595,0.333333333333,2016-01_to_2018-05,0
851410,844790,333,1,0.150083947058,0.333333333333,2016-01_to_2018-05,0
851410,840390,333,2,0.362469687841,0.333333333333,2016-01_to_2018-05,0
851410,843810,333,3,0.387003222151,0.333333333333,2016-01_to_2018-05,0
851440,843820,333,1,0.338850551606,0.333333333333,2016-01_to_2018-05,0
851440,844820,333,2,0.559685193098,0.333333333333,2016-01_to_2018-05,0
851440,842810,333,3,0.675340718246,0.333333333333,2016-01_to_2018-05,0
851511,830170,332,1,0.708083489048,0.333333333333,2016-01_to_2018-05,0
851511,732429,332,2,0.743977350634,0.333333333333,2016-01_to_2018-05,0
851511,830130,332,3,0.798373049349,0.333333333333,2016-01_to_2018-05,0
851519,844010,333,1,0.356112802053,0.333333333333,2016-01_to_2018-05,0
851519,846810,333,2,0.357650755268,0.333333333333,2016-01_to_2018-05,0
851519,843510,333,3,0.412598117817,0.333333333333,2016-01_to_2018-05,0
851521,844819,333,1,1.793480016305,0.333333333333,2016-01_to_2018-05,0
851521,844712,333,2,2.179763903625,0.333333333333,2016-01_to_2018-05,0
851521,844839,333,3,2.216370780625,0.333333333333,2016-01_to_2018-05,0
851529,843840,333,1,0.535170015923,0.333333333333,2016-01_to_2018-05,0
851529,847810,333,2,0.538355427173,0.333333333333,2016-01_to_2018-05,0
851529,846810,333,3,0.562240461885,0.333333333333,2016-01_to_2018-05,0
851531,844010,333,1,0.340192823788,0.333333333333,2016-01_to_2018-05,0
851531,843510,333,2,0.461786400769,0.333333333333,2016-01_to_2018-05,0
851531,841620,333,3,0.486144096020,0.333333333333,2016-01_to_2018-05,0
851539,900661,333,1,0.462383496762,0.333333333333,2016-01_to_2018-05,0
851539,846791,333,2,0.550626741333,0.333333333333,2016-01_to_2018-05,0
851539,845210,333,3,0.624180458729,0.333333333333,2016-01_to_2018-05,0
851590,950890,333,1,0.254642897072,0.333333333333,2016-01_to_2018-05,0
851590,846781,333,2,0.377849286865,0.333333333333,2016-01_to_2018-05,0
851590,846792,333,3,0.427721810225,0.333333333333,2016-01_to_2018-05,0
852560,851770,334,1,0.536364471346,0.333333333333,2016-01_to_2018-05,0
852560,852351,334,2,0.715528520749,0.333333333333,2016-01_to_2018-05,0
852560,844332,334,3,0.727648234966,0.333333333333,2016-01_to_2018-05,0
852610,911190,334,1,0.609157939081,0.333333333333,2016-01_to_2018-05,0
852610,852329,334,2,0.699628779472,0.333333333333,2016-01_to_2018-05,0
852610,852380,334,3,0.714192289611,0.333333333333,2016-01_to_2018-05,0
852691,902140,334,1,0.782403701917,0.333333333333,2016-01_to_2018-05,0
852691,852791,334,2,0.894498923829,0.333333333333,2016-01_to_2018-05,0
852691,844332,334,3,1.052334573461,0.333333333333,2016-01_to_2018-05,0
853010,910121,334,1,1.211264492768,0.333333333333,2016-01_to_2018-05,0
853010,911290,334,2,2.095152309414,0.333333333333,2016-01_to_2018-05,0
853010,911220,334,3,2.228066702354,0.333333333333,2016-01_to_2018-05,0
853080,910221,334,1,0.517457141666,0.333333333333,2016-01_to_2018-05,0
853080,910599,334,2,0.660922760258,0.333333333333,2016-01_to_2018-05,0
853080,852380,334,3,0.706115062506,0.333333333333,2016-01_to_2018-05,0
853090,902140,334,1,0.606054039824,0.333333333333,2016-01_to_2018-05,0
853090,910221,334,2,0.714387451164,0.333333333333,2016-01_to_2018-05,0
853090,911490,334,3,0.756489505738,0.333333333333,2016-01_to_2018-05,0
853210,910599,334,1,0.580493778917,0.333333333333,2016-01_to_2018-05,0
853210,911490,334,2,0.607379815137,0.333333333333,2016-01_to_2018-05,0
853210,911430,334,3,0.671440874192,0.333333333333,2016-01_to_2018-05,0
853221,902140,334,1,0.669957327166,0.333333333333,2016-01_to_2018-05,0
853221,910599,334,2,0.729512060381,0.333333333333,2016-01_to_2018-05,0
853221,910221,334,3,0.742758683552,0.333333333333,2016-01_to_2018-05,0
853222,910221,334,1,0.582831737557,0.333333333333,2016-01_to_2018-05,0
853222,902140,334,2,0.613301987506,0.333333333333,2016-01_to_2018-05,0
853222,910599,334,3,0.861167143375,0.333333333333,2016-01_to_2018-05,0
853223,852110,334,1,0.551254455482,0.333333333333,2016-01_to_2018-05,0
853223,910599,334,2,0.560132423525,0.333333333333,2016-01_to_2018-05,0
853223,911430,334,3,0.850751361574,0.333333333333,2016-01_to_2018-05,0
853224,902140,334,1,0.818995076309,0.333333333333,2016-01_to_2018-05,0
853224,910221,334,2,0.906165088942,0.333333333333,2016-01_to_2018-05,0
853224,910599,334,3,1.164919171630,0.333333333333,2016-01_to_2018-05,0
853225,902140,334,1,0.695003345008,0.333333333333,2016-01_to_2018-05,0
853225,852791,334,2,0.792858964886,0.333333333333,2016-01_to_2018-05,0
853225,851829,334,3,0.821517399824,0.333333333333,2016-01_to_2018-05,0
853229,910599,334,1,0.783630470210,0.333333333333,2016-01_to_2018-05,0
853229,851989,334,2,0.855568439370,0.333333333333,2016-01_to_2018-05,0
853229,902140,334,3,0.886477304633,0.333333333333,2016-01_to_2018-05,0
853230,910599,334,1,0.396883556106,0.333333333333,2016-01_to_2018-05,0
853230,852380,334,2,0.454077723129,0.333333333333,2016-01_to_2018-05,0
853230,910221,334,3,0.513616649583,0.333333333333,2016-01_to_2018-05,0
853290,910599,334,1,0.177977726904,0.333333333333,2016-01_to_2018-05,0
853290,911430,334,2,0.410248646725,0.333333333333,2016-01_to_2018-05,0
853290,911490,334,3,0.577663578203,0.333333333333,2016-01_to_2018-05,0
853310,910599,334,1,0.357823952763,0.333333333333,2016-01_to_2018-05,0
853310,911430,334,2,0.558643712303,0.333333333333,2016-01_to_2018-05,0
853310,911490,334,3,0.651846943890,0.333333333333,2016-01_to_2018-05,0
853321,910221,334,1,0.618607768801,0.333333333333,2016-01_to_2018-05,0
853321,902140,334,2,0.685496401062,0.333333333333,2016-01_to_2018-05,0
853321,910599,334,3,0.924994428662,0.333333333333,2016-01_to_2018-05,0
853329,852110,334,1,0.898854877481,0.333333333333,2016-01_to_2018-05,0
853329,710410,334,2,0.998624787151,0.333333333333,2016-01_to_2018-05,0
853329,911190,334,3,1.007795913403,0.333333333333,2016-01_to_2018-05,0
853331,910229,334,1,0.862674738857,0.333333333333,2016-01_to_2018-05,0
853331,911220,334,2,1.121208031953,0.333333333333,2016-01_to_2018-05,0
853331,911440,334,3,1.128409217692,0.333333333333,2016-01_to_2018-05,0
853510,853929,335,1,0.229548637019,0.333333333333,2016-01_to_2018-05,0
853510,842211,335,2,1.201192057467,0.333333333333,2016-01_to_2018-05,0
853510,851610,335,3,1.223892255053,0.333333333333,2016-01_to_2018-05,0
853521,853929,335,1,1.391926711903,0.333333333333,2016-01_to_2018-05,0
853521,851610,335,2,1.982403903369,0.333333333333,2016-01_to_2018-05,0
853521,842211,335,3,1.989046339181,0.333333333333,2016-01_to_2018-05,0
853529,853929,335,1,1.024058568874,0.333333333333,2016-01_to_2018-05,0
853529,850410,335,2,1.947707139174,0.333333333333,2016-01_to_2018-05,0
853529,851610,335,3,2.082403621066,0.333333333333,2016-01_to_2018-05,0
853530,853929,335,1,0.897054113233,0.333333333333,2016-01_to_2018-05,0
853530,851610,335,2,1.654630717434,0.333333333333,2016-01_to_2018-05,0
853530,842211,335,3,1.661540612894,0.333333333333,2016-01_to_2018-05,0
853610,853929,335,1,0.692120248729,0.333333333333,2016-01_to_2018-05,0
853610,851610,335,2,1.546023034006,0.333333333333,2016-01_to_2018-05,0
853610,842211,335,3,1.565914529544,0.333333333333,2016-01_to_2018-05,0
853620,853929,335,1,0.803277662675,0.333333333333,2016-01_to_2018-05,0
853620,851610,335,2,1.207426767517,0.333333333333,2016-01_to_2018-05,0
853620,842211,335,3,1.273920165485,0.333333333333,2016-01_to_2018-05,0
853649,851610,335,1,0.569499549184,0.333333333333,2016-01_to_2018-05,0
853649,842211,335,2,0.596390455757,0.333333333333,2016-01_to_2018-05,0
853649,853929,335,3,0.706395323139,0.333333333333,2016-01_to_2018-05,0
853720,853929,335,1,1.148685029907,0.333333333333,2016-01_to_2018-05,0
853720,851610,335,2,1.892448867852,0.333333333333,2016-01_to_2018-05,0
853720,842211,335,3,1.910892898808,0.333333333333,2016-01_to_2018-05,0
853810,853929,335,1,0.583561185356,0.333333333333,2016-01_to_2018-05,0
853810,851610,335,2,1.368429336459,0.333333333333,2016-01_to_2018-05,0
853810,842211,335,3,1.379983200333,0.333333333333,2016-01_to_2018-05,0
853941,853929,335,1,1.197465196019,0.333333333333,2016-01_to_2018-05,0
853941,851610,335,2,2.199299793772,0.333333333333,2016-01_to_2018-05,0
853941,842211,335,3,2.201372449091,0.333333333333,2016-01_to_2018-05,0
853990,853929,335,1,0.589141759936,0.333333333333,2016-01_to_2018-05,0
853990,842211,335,2,0.980596418108,0.333333333333,2016-01_to_2018-05,0
853990,851610,335,3,1.066976199212,0.333333333333,2016-01_to_2018-05,0
854089,910599,334,1,0.214091229753,0.333333333333,2016-01_to_2018-05,0
854089,911430,334,2,0.574700897222,0.333333333333,2016-01_to_2018-05,0
854089,911490,334,3,0.621247915058,0.333333333333,2016-01_to_2018-05,0
854121,852791,334,1,0.462419528231,0.333333333333,2016-01_to_2018-05,0
854121,851829,334,2,0.614220468601,0.333333333333,2016-01_to_2018-05,0
854121,852190,334,3,0.673500632729,0.333333333333,2016-01_to_2018-05,0
854129,902140,334,1,0.439411029730,0.333333333333,2016-01_to_2018-05,0
854129,851770,334,2,0.961041006155,0.333333333333,2016-01_to_2018-05,0
854129,844332,334,3,0.970571106147,0.333333333333,2016-01_to_2018-05,0
854130,910599,334,1,0.790357503975,0.333333333333,2016-01_to_2018-05,0
854130,902140,334,2,0.809779351898,0.333333333333,2016-01_to_2018-05,0
854130,911490,334,3,0.934847782203,0.333333333333,2016-01_to_2018-05,0
854150,910221,334,1,0.577361912057,0.333333333333,2016-01_to_2018-05,0
854150,902140,334,2,0.813871306764,0.333333333333,2016-01_to_2018-05,0
854150,910599,334,3,0.874637114259,0.333333333333,2016-01_to_2018-05,0
854160,852791,334,1,0.283789704679,0.333333333333,2016-01_to_2018-05,0
854160,852190,334,2,0.355080996361,0.333333333333,2016-01_to_2018-05,0
854160,851829,334,3,0.402214351270,0.333333333333,2016-01_to_2018-05,0
854190,910221,334,1,0.605432689907,0.333333333333,2016-01_to_2018-05,0
854190,902140,334,2,0.671396029673,0.333333333333,2016-01_to_2018-05,0
854190,910599,334,3,0.757639023507,0.333333333333,2016-01_to_2018-05,0
854320,911190,334,1,0.710120999017,0.333333333333,2016-01_to_2018-05,0
854320,852110,334,2,0.834096629033,0.333333333333,2016-01_to_2018-05,0
854320,710410,334,3,0.845223387529,0.333333333333,2016-01_to_2018-05,0
854411,281820,331,1,0.321847375785,0.333333333333,2016-01_to_2018-05,0
854411,811221,331,2,0.761851770718,0.333333333333,2016-01_to_2018-05,0
854411,810320,331,3,1.070797876208,0.333333333333,2016-01_to_2018-05,0
854419,810295,331,1,0.792118532205,0.333333333333,2016-01_to_2018-05,0
854419,281820,331,2,0.937330525721,0.333333333333,2016-01_to_2018-05,0
854419,811221,331,3,1.000801464392,0.333333333333,2016-01_to_2018-05,0
854430,871410,336,1,1.082027256146,0.333333333333,2016-01_to_2018-05,0
854430,871499,336,2,1.610383115999,0.333333333333,2016-01_to_2018-05,0
854430,871120,336,3,1.798101344941,0.333333333333,2016-01_to_2018-05,0
854470,851610,335,1,0.365681271425,0.333333333333,2016-01_to_2018-05,0
854470,842211,335,2,0.483258275910,0.333333333333,2016-01_to_2018-05,0
854470,851010,335,3,1.027376222138,0.333333333333,2016-01_to_2018-05,0
860721,871499,336,1,0.646334830942,0.333333333333,2016-01_to_2018-05,0
860721,871410,336,2,1.384538219132,0.333333333333,2016-01_to_2018-05,0
860721,871120,336,3,1.393460641353,0.333333333333,2016-01_to_2018-05,0
860729,871499,336,1,1.317815318677,0.333333333333,2016-01_to_2018-05,0
860729,870310,336,2,1.734730023938,0.333333333333,2016-01_to_2018-05,0
860729,871120,336,3,1.737413677850,0.333333333333,2016-01_to_2018-05,0
860791,871499,336,1,1.221974732991,0.333333333333,2016-01_to_2018-05,0
860791,871410,336,2,1.458060414105,0.333333333333,2016-01_to_2018-05,0
860791,871120,336,3,1.619109585522,0.333333333333,2016-01_to_2018-05,0
860799,871499,336,1,0.376057694330,0.333333333333,2016-01_to_2018-05,0
860799,871410,336,2,0.616600548799,0.333333333333,2016-01_to_2018-05,0
860799,871120,336,3,0.658190045382,0.333333333333,2016-01_to_2018-05,0
860800,910599,334,1,0.292952499171,0.333333333333,2016-01_to_2018-05,0
860800,911490,334,2,0.579091245482,0.333333333333,2016-01_to_2018-05,0
860800,911430,334,3,0.592838463747,0.333333333333,2016-01_to_2018-05,0
870911,844720,333,1,0.622782738868,0.333333333333,2016-01_to_2018-05,0
870911,950810,333,2,1.171392719686,0.333333333333,2016-01_to_2018-05,0
870911,844900,333,3,1.263936500425,0.333333333333,2016-01_to_2018-05,0
870919,840310,333,1,0.885308897465,0.333333333333,2016-01_to_2018-05,0
870919,845320,333,2,1.351716732366,0.333333333333,2016-01_to_2018-05,0
870919,844720,333,3,1.557938047850,0.333333333333,2016-01_to_2018-05,0
870990,846792,333,1,0.131820106234,0.333333333333,2016-01_to_2018-05,0
870990,843840,333,2,0.285521739013,0.333333333333,2016-01_to_2018-05,0
870990,950890,333,3,0.292031184728,0.333333333333,2016-01_to_2018-05,0
880211,880100,336,1,4.151750714120,0.333333333333,2016-01_to_2018-05,0
880211,871120,336,2,5.409766284746,0.333333333333,2016-01_to_2018-05,0
880211,870310,336,3,5.521901599820,0.333333333333,2016-01_to_2018-05,0
880310,940110,336,1,6.038236012958,0.333333333333,2016-01_to_2018-05,0
880310,880100,336,2,7.951021245892,0.333333333333,2016-01_to_2018-05,0
880310,870310,336,3,8.452001138723,0.333333333333,2016-01_to_2018-05,0
880320,940110,336,1,0.746016444749,0.333333333333,2016-01_to_2018-05,0
880320,870310,336,2,2.343363000507,0.333333333333,2016-01_to_2018-05,0
880320,871120,336,3,2.506758376269,0.333333333333,2016-01_to_2018-05,0
880330,871410,336,1,1.009511862245,0.333333333333,2016-01_to_2018-05,0
880330,871499,336,2,1.552556347410,0.333333333333,2016-01_to_2018-05,0
880330,871120,336,3,1.651095606783,0.333333333333,2016-01_to_2018-05,0
880529,844842,333,1,0.657166284130,0.333333333333,2016-01_to_2018-05,0
880529,950810,333,2,0.782928623558,0.333333333333,2016-01_to_2018-05,0
880529,844720,333,3,1.342398160418,0.333333333333,2016-01_to_2018-05,0
901110,848060,333,1,0.386005726869,0.333333333333,2016-01_to_2018-05,0
901110,842810,333,2,0.493816740518,0.333333333333,2016-01_to_2018-05,0
901110,844010,333,3,0.522690789562,0.333333333333,2016-01_to_2018-05,0
901190,844790,333,1,0.201500473640,0.333333333333,2016-01_to_2018-05,0
901190,846792,333,2,0.304453838608,0.333333333333,2016-01_to_2018-05,0
901190,840390,333,3,0.360557673611,0.333333333333,2016-01_to_2018-05,0
901210,852380,334,1,0.257112425239,0.333333333333,2016-01_to_2018-05,0
901210,852329,334,2,0.313231424638,0.333333333333,2016-01_to_2018-05,0
901210,910221,334,3,0.660961109329,0.333333333333,2016-01_to_2018-05,0
901290,911190,334,1,0.344450594505,0.333333333333,2016-01_to_2018-05,0
901290,910229,334,2,0.565665354406,0.333333333333,2016-01_to_2018-05,0
901290,852380,334,3,0.762450861826,0.333333333333,2016-01_to_2018-05,0
901320,853929,335,1,0.762722120744,0.333333333333,2016-01_to_2018-05,0
901320,851610,335,2,1.254865548881,0.333333333333,2016-01_to_2018-05,0
901320,842211,335,3,1.303669944504,0.333333333333,2016-01_to_2018-05,0
901420,910229,334,1,0.739846712985,0.333333333333,2016-01_to_2018-05,0
901420,911190,334,2,0.841235357109,0.333333333333,2016-01_to_2018-05,0
901420,910121,334,3,1.017004524695,0.333333333333,2016-01_to_2018-05,0
901480,910121,334,1,1.122664057217,0.333333333333,2016-01_to_2018-05,0
901480,710410,334,2,2.255124462565,0.333333333333,2016-01_to_2018-05,0
901480,911190,334,3,2.383623436239,0.333333333333,2016-01_to_2018-05,0
901490,910221,334,1,0.343408644659,0.333333333333,2016-01_to_2018-05,0
901490,852380,334,2,0.463240814288,0.333333333333,2016-01_to_2018-05,0
901490,852329,334,3,0.465928320965,0.333333333333,2016-01_to_2018-05,0
901520,910221,334,1,0.561096130250,0.333333333333,2016-01_to_2018-05,0
901520,910599,334,2,0.599027278197,0.333333333333,2016-01_to_2018-05,0
901520,852380,334,3,0.682127520853,0.333333333333,2016-01_to_2018-05,0
901580,910221,334,1,0.724528223602,0.333333333333,2016-01_to_2018-05,0
901580,902140,334,2,0.887982118170,0.333333333333,2016-01_to_2018-05,0
901580,852329,334,3,0.892974638668,0.333333333333,2016-01_to_2018-05,0
901811,910221,334,1,0.218823379152,0.333333333333,2016-01_to_2018-05,0
901811,852329,334,2,0.694854457877,0.333333333333,2016-01_to_2018-05,0
901811,852380,334,3,0.717383479854,0.333333333333,2016-01_to_2018-05,0
901812,902140,334,1,0.675236359353,0.333333333333,2016-01_to_2018-05,0
901812,910221,334,2,1.051374785033,0.333333333333,2016-01_to_2018-05,0
901812,851829,334,3,1.059670856237,0.333333333333,2016-01_to_2018-05,0
901813,910221,334,1,0.768787982764,0.333333333333,2016-01_to_2018-05,0
901813,852329,334,2,0.830021246109,0.333333333333,2016-01_to_2018-05,0
901813,852380,334,3,0.892677438835,0.333333333333,2016-01_to_2018-05,0
901819,902140,334,1,0.319899463198,0.333333333333,2016-01_to_2018-05,0
901819,844332,334,2,1.008867014892,0.333333333333,2016-01_to_2018-05,0
901819,910221,334,3,1.045640676623,0.333333333333,2016-01_to_2018-05,0
901820,910599,334,1,0.334425408799,0.333333333333,2016-01_to_2018-05,0
901820,852380,334,2,0.598347982107,0.333333333333,2016-01_to_2018-05,0
901820,910221,334,3,0.610282880390,0.333333333333,2016-01_to_2018-05,0
902212,902140,334,1,0.257305486502,0.333333333333,2016-01_to_2018-05,0
902212,852791,334,2,0.671547365041,0.333333333333,2016-01_to_2018-05,0
902212,844332,334,3,0.757485063156,0.333333333333,2016-01_to_2018-05,0
902214,910221,334,1,0.367132690203,0.333333333333,2016-01_to_2018-05,0
902214,852329,334,2,0.751741700726,0.333333333333,2016-01_to_2018-05,0
902214,852380,334,3,0.813539933856,0.333333333333,2016-01_to_2018-05,0
902219,910221,334,1,0.242853168267,0.333333333333,2016-01_to_2018-05,0
902219,852329,334,2,0.636661987816,0.333333333333,2016-01_to_2018-05,0
902219,852380,334,3,0.660207669933,0.333333333333,2016-01_to_2018-05,0
902221,910990,334,1,0.814165561520,0.333333333333,2016-01_to_2018-05,0
902221,910820,334,2,1.841998384265,0.333333333333,2016-01_to_2018-05,0
902221,911090,334,3,2.072968027648,0.333333333333,2016-01_to_2018-05,0
902230,910221,334,1,0.696473976017,0.333333333333,2016-01_to_2018-05,0
902230,852329,334,2,0.788585614419,0.333333333333,2016-01_to_2018-05,0
902230,852380,334,3,0.800564735574,0.333333333333,2016-01_to_2018-05,0
902410,910599,334,1,0.403680929360,0.333333333333,2016-01_to_2018-05,0
902410,910221,334,2,0.502401559530,0.333333333333,2016-01_to_2018-05,0
902410,852380,334,3,0.505869924439,0.333333333333,2016-01_to_2018-05,0
902480,910221,334,1,0.457979176573,0.333333333333,2016-01_to_2018-05,0
902480,910599,334,2,0.505109569564,0.333333333333,2016-01_to_2018-05,0
902480,852380,334,3,0.565994822070,0.333333333333,2016-01_to_2018-05,0
902490,852380,334,1,0.423189443410,0.333333333333,2016-01_to_2018-05,0
902490,852329,334,2,0.484555040351,0.333333333333,2016-01_to_2018-05,0
902490,910221,334,3,0.497561404039,0.333333333333,2016-01_to_2018-05,0
902690,902140,334,1,0.486998406867,0.333333333333,2016-01_to_2018-05,0
902690,910221,334,2,0.932353647865,0.333333333333,2016-01_to_2018-05,0
902690,844332,334,3,1.055661620444,0.333333333333,2016-01_to_2018-05,0
902720,902140,334,1,0.504133310486,0.333333333333,2016-01_to_2018-05,0
902720,910221,334,2,0.769268553357,0.333333333333,2016-01_to_2018-05,0
902720,911490,334,3,0.822277792146,0.333333333333,2016-01_to_2018-05,0
902730,910221,334,1,0.506713468847,0.333333333333,2016-01_to_2018-05,0
902730,902140,334,2,0.549420626267,0.333333333333,2016-01_to_2018-05,0
902730,852341,334,3,0.692211093685,0.333333333333,2016-01_to_2018-05,0
902780,902140,334,1,0.440002465571,0.333333333333,2016-01_to_2018-05,0
902780,910221,334,2,0.688132390808,0.333333333333,2016-01_to_2018-05,0
902780,852341,334,3,1.015436140300,0.333333333333,2016-01_to_2018-05,0
902890,902140,334,1,0.566745450643,0.333333333333,2016-01_to_2018-05,0
902890,910221,334,2,0.680140894370,0.333333333333,2016-01_to_2018-05,0
902890,910599,334,3,0.974532108281,0.333333333333,2016-01_to_2018-05,0
903010,910121,334,1,0.428930210439,0.333333333333,2016-01_to_2018-05,0
903010,910229,334,2,1.877225130260,0.333333333333,2016-01_to_2018-05,0
903010,710410,334,3,1.887355148026,0.333333333333,2016-01_to_2018-05,0
903039,910221,334,1,0.479287346950,0.333333333333,2016-01_to_2018-05,0
903039,910599,334,2,0.642959377697,0.333333333333,2016-01_to_2018-05,0
903039,911490,334,3,0.755418439445,0.333333333333,2016-01_to_2018-05,0
903040,902140,334,1,0.588762260878,0.333333333333,2016-01_to_2018-05,0
903040,910221,334,2,0.641965845618,0.333333333333,2016-01_to_2018-05,0
903040,852329,334,3,1.034248568168,0.333333333333,2016-01_to_2018-05,0
903082,910221,334,1,0.735369733992,0.333333333333,2016-01_to_2018-05,0
903082,852329,334,2,0.842387990507,0.333333333333,2016-01_to_2018-05,0
903082,852380,334,3,0.881838375156,0.333333333333,2016-01_to_2018-05,0
903110,846810,333,1,0.222636338927,0.333333333333,2016-01_to_2018-05,0
903110,847810,333,2,0.327400267789,0.333333333333,2016-01_to_2018-05,0
903110,840390,333,3,0.329561924535,0.333333333333,2016-01_to_2018-05,0
903141,843820,333,1,0.470414190540,0.333333333333,2016-01_to_2018-05,0
903141,844900,333,2,0.537252240373,0.333333333333,2016-01_to_2018-05,0
903141,841620,333,3,0.701412704793,0.333333333333,2016-01_to_2018-05,0
903180,902140,334,1,0.315561888901,0.333333333333,2016-01_to_2018-05,0
903180,910221,334,2,0.969120122007,0.333333333333,2016-01_to_2018-05,0
903180,844332,334,3,1.039280256181,0.333333333333,2016-01_to_2018-05,0
903210,851829,334,1,0.512651684355,0.333333333333,2016-01_to_2018-05,0
903210,851770,334,2,0.522574670877,0.333333333333,2016-01_to_2018-05,0
903210,851821,334,3,0.547847836839,0.333333333333,2016-01_to_2018-05,0
903220,911190,334,1,0.400503495223,0.333333333333,2016-01_to_2018-05,0
903220,910229,334,2,0.783150775910,0.333333333333,2016-01_to_2018-05,0
903220,710410,334,3,0.935861235923,0.333333333333,2016-01_to_2018-05,0
903281,911190,334,1,0.664109201117,0.333333333333,2016-01_to_2018-05,0
903281,852110,334,2,0.809380756987,0.333333333333,2016-01_to_2018-05,0
903281,910599,334,3,0.835476369290,0.333333333333,2016-01_to_2018-05,0
