year,month,origin_code,origin_name,import_value_consumption_usd,detail_row_count,unique_hts10_count,source_file
2018,7,2010,MEXICO,7874920063,7584,1066,data/raw/trade/IMDB1807.ZIP
2018,7,5880,JAPAN,6451750376,22072,1329,data/raw/trade/IMDB1807.ZIP
2018,7,1220,CANADA,4777540033,12931,1352,data/raw/trade/IMDB1807.ZIP
2018,7,4280,GERMANY,4389732405,32269,1455,data/raw/trade/IMDB1807.ZIP
2018,7,5700,CHINA,2574071705,48151,1411,data/raw/trade/IMDB1807.ZIP
2018,7,5800,"KOREA, SOUTH",1881389012,9233,1055,data/raw/trade/IMDB1807.ZIP
2018,7,4120,UNITED KINGDOM,1748847887,16897,1263,data/raw/trade/IMDB1807.ZIP
2018,7,4279,FRANCE,1503705216,13038,1143,data/raw/trade/IMDB1807.ZIP
2018,7,4759,ITALY,1203164995,16588,1288,data/raw/trade/IMDB1807.ZIP
2018,7,5490,THAILAND,666852353,3394,619,data/raw/trade/IMDB1807.ZIP
2018,7,5830,TAIWAN,469881802,11685,1102,data/raw/trade/IMDB1807.ZIP
2018,7,4419,SWITZERLAND,386557010,8241,961,data/raw/trade/IMDB1807.ZIP
2018,7,4210,NETHERLANDS,360992200,7350,951,data/raw/trade/IMDB1807.ZIP
2018,7,4010,SWEDEN,353919524,6455,897,data/raw/trade/IMDB1807.ZIP
2018,7,4330,AUSTRIA,352221268,5619,889,data/raw/trade/IMDB1807.ZIP
2018,7,5590,SINGAPORE,345822102,4048,623,data/raw/trade/IMDB1807.ZIP
2018,7,5570,MALAYSIA,342483652,4964,652,data/raw/trade/IMDB1807.ZIP
2018,7,5330,INDIA,340242746,7961,934,data/raw/trade/IMDB1807.ZIP
2018,7,3510,BRAZIL,321280549,3345,716,data/raw/trade/IMDB1807.ZIP
2018,7,4359,SLOVAKIA,305782387,1713,436,data/raw/trade/IMDB1807.ZIP
2018,7,5650,PHILIPPINES,269029763,2007,380,data/raw/trade/IMDB1807.ZIP
2018,7,4700,SPAIN,250410176,5005,869,data/raw/trade/IMDB1807.ZIP
2018,7,5081,ISRAEL,249826969,3276,633,data/raw/trade/IMDB1807.ZIP
2018,7,4550,POLAND,226283263,3992,716,data/raw/trade/IMDB1807.ZIP
2018,7,4190,IRELAND,186628993,1906,461,data/raw/trade/IMDB1807.ZIP
2018,7,4370,HUNGARY,144688796,3033,548,data/raw/trade/IMDB1807.ZIP
2018,7,4231,BELGIUM,143308410,3120,695,data/raw/trade/IMDB1807.ZIP
2018,7,4050,FINLAND,131992358,3215,609,data/raw/trade/IMDB1807.ZIP
2018,7,5520,VIETNAM,118184913,1374,367,data/raw/trade/IMDB1807.ZIP
2018,7,4351,CZECH REPUBLIC,114719861,4465,766,data/raw/trade/IMDB1807.ZIP
2018,7,4890,TURKEY,112473737,2277,549,data/raw/trade/IMDB1807.ZIP
2018,7,4099,DENMARK,97936161,4529,747,data/raw/trade/IMDB1807.ZIP
2018,7,2470,DOMINICAN REPUBLIC,83121818,539,162,data/raw/trade/IMDB1807.ZIP
2018,7,6021,AUSTRALIA,80758581,2875,692,data/raw/trade/IMDB1807.ZIP
2018,7,7910,SOUTH AFRICA,79722860,868,324,data/raw/trade/IMDB1807.ZIP
2018,7,5600,INDONESIA,59510850,1448,340,data/raw/trade/IMDB1807.ZIP
2018,7,4039,NORWAY,58030715,1490,414,data/raw/trade/IMDB1807.ZIP
2018,7,2150,HONDURAS,44797392,102,40,data/raw/trade/IMDB1807.ZIP
2018,7,2190,NICARAGUA,42265120,42,16,data/raw/trade/IMDB1807.ZIP
2018,7,4850,ROMANIA,38067447,1576,383,data/raw/trade/IMDB1807.ZIP
2018,7,2230,COSTA RICA,34506964,530,223,data/raw/trade/IMDB1807.ZIP
2018,7,4621,RUSSIA,31829218,546,245,data/raw/trade/IMDB1807.ZIP
2018,7,4490,LATVIA,29040187,223,105,data/raw/trade/IMDB1807.ZIP
2018,7,4794,MACEDONIA,29039218,83,31,data/raw/trade/IMDB1807.ZIP
2018,7,3570,ARGENTINA,26787634,441,225,data/raw/trade/IMDB1807.ZIP
2018,7,6141,NEW ZEALAND,23891176,1240,415,data/raw/trade/IMDB1807.ZIP
2018,7,5820,HONG KONG,22313569,2050,552,data/raw/trade/IMDB1807.ZIP
2018,7,4710,PORTUGAL,18697041,992,308,data/raw/trade/IMDB1807.ZIP
2018,7,4792,SLOVENIA,16929804,870,321,data/raw/trade/IMDB1807.ZIP
2018,7,4791,CROATIA,13032393,353,131,data/raw/trade/IMDB1807.ZIP
2018,7,4870,BULGARIA,12051599,747,259,data/raw/trade/IMDB1807.ZIP
2018,7,5200,UNITED ARAB EMIRATES,10825112,373,181,data/raw/trade/IMDB1807.ZIP
2018,7,4840,GREECE,7900677,260,150,data/raw/trade/IMDB1807.ZIP
2018,7,4470,ESTONIA,7887908,591,201,data/raw/trade/IMDB1807.ZIP
2018,7,7140,MOROCCO,7699754,253,83,data/raw/trade/IMDB1807.ZIP
2018,7,3010,COLOMBIA,7385945,330,213,data/raw/trade/IMDB1807.ZIP
2018,7,5420,SRI LANKA,6765637,201,69,data/raw/trade/IMDB1807.ZIP
2018,7,3370,CHILE,6506631,267,165,data/raw/trade/IMDB1807.ZIP
2018,7,2110,EL SALVADOR,6502640,109,61,data/raw/trade/IMDB1807.ZIP
2018,7,7230,TUNISIA,6112432,365,95,data/raw/trade/IMDB1807.ZIP
2018,7,3070,VENEZUELA,5891208,41,34,data/raw/trade/IMDB1807.ZIP
2018,7,4510,LITHUANIA,4460152,380,165,data/raw/trade/IMDB1807.ZIP
2018,7,4801,SERBIA,4071490,235,118,data/raw/trade/IMDB1807.ZIP
2018,7,4623,UKRAINE,4012048,266,126,data/raw/trade/IMDB1807.ZIP
2018,7,4411,LIECHTENSTEIN,3954441,212,78,data/raw/trade/IMDB1807.ZIP
2018,7,4910,CYPRUS,3687629,24,18,data/raw/trade/IMDB1807.ZIP
2018,7,3310,ECUADOR,2639998,136,93,data/raw/trade/IMDB1807.ZIP
2018,7,4730,MALTA,2459842,173,80,data/raw/trade/IMDB1807.ZIP
2018,7,5170,SAUDI ARABIA,2244181,112,72,data/raw/trade/IMDB1807.ZIP
2018,7,4000,ICELAND,2213855,185,91,data/raw/trade/IMDB1807.ZIP
2018,7,4239,LUXEMBOURG,2033680,263,118,data/raw/trade/IMDB1807.ZIP
2018,7,2483,ST KITTS AND NEVIS,1635758,53,28,data/raw/trade/IMDB1807.ZIP
2018,7,4622,BELARUS,1450040,63,34,data/raw/trade/IMDB1807.ZIP
2018,7,3530,PARAGUAY,1296986,10,8,data/raw/trade/IMDB1807.ZIP
2018,7,3330,PERU,916867,184,100,data/raw/trade/IMDB1807.ZIP
2018,7,5350,PAKISTAN,801104,82,50,data/raw/trade/IMDB1807.ZIP
2018,7,7749,ETHIOPIA,724723,23,18,data/raw/trade/IMDB1807.ZIP
2018,7,2250,PANAMA,688776,87,72,data/raw/trade/IMDB1807.ZIP
2018,7,4751,SAN MARINO,684541,19,12,data/raw/trade/IMDB1807.ZIP
2018,7,5110,JORDAN,641469,40,39,data/raw/trade/IMDB1807.ZIP
2018,7,5180,QATAR,548899,30,23,data/raw/trade/IMDB1807.ZIP
2018,7,4633,GEORGIA,511196,54,47,data/raw/trade/IMDB1807.ZIP
2018,7,5230,OMAN,503336,28,22,data/raw/trade/IMDB1807.ZIP
2018,7,2050,GUATEMALA,494713,35,33,data/raw/trade/IMDB1807.ZIP
2018,7,2720,BARBADOS,483763,20,16,data/raw/trade/IMDB1807.ZIP
2018,7,7290,EGYPT,376324,102,60,data/raw/trade/IMDB1807.ZIP
2018,7,4271,ANDORRA,298922,7,7,data/raw/trade/IMDB1807.ZIP
2018,7,4272,MONACO,196762,25,18,data/raw/trade/IMDB1807.ZIP
2018,7,7990,LESOTHO,185689,13,3,data/raw/trade/IMDB1807.ZIP
2018,7,3150,SURINAME,165267,27,23,data/raw/trade/IMDB1807.ZIP
2018,7,2779,ARUBA,158920,1,1,data/raw/trade/IMDB1807.ZIP
2018,7,6412,NEW CALEDONIA,153489,14,14,data/raw/trade/IMDB1807.ZIP
2018,7,7410,MAURITANIA,152738,2,2,data/raw/trade/IMDB1807.ZIP
2018,7,5530,LAOS,131217,14,5,data/raw/trade/IMDB1807.ZIP
2018,7,6862,NAURU,129173,14,9,data/raw/trade/IMDB1807.ZIP
2018,7,2410,JAMAICA,118497,30,28,data/raw/trade/IMDB1807.ZIP
2018,7,4793,BOSNIA AND HERZEGOVINA,118182,55,32,data/raw/trade/IMDB1807.ZIP
2018,7,5040,LEBANON,108500,30,24,data/raw/trade/IMDB1807.ZIP
2018,7,5250,BAHRAIN,108402,14,12,data/raw/trade/IMDB1807.ZIP
2018,7,7850,MAURITIUS,88506,38,33,data/raw/trade/IMDB1807.ZIP
2018,7,2450,HAITI,84558,9,9,data/raw/trade/IMDB1807.ZIP
2018,7,6143,TOKELAU,84482,21,13,data/raw/trade/IMDB1807.ZIP
2018,7,2487,ST LUCIA,83469,6,4,data/raw/trade/IMDB1807.ZIP
2018,7,2360,BAHAMAS,78311,16,16,data/raw/trade/IMDB1807.ZIP
2018,7,7460,GUINEA,70244,12,11,data/raw/trade/IMDB1807.ZIP
2018,7,4632,AZERBAIJAN,69555,11,10,data/raw/trade/IMDB1807.ZIP
2018,7,7950,ESWATINI,69174,41,37,data/raw/trade/IMDB1807.ZIP
2018,7,4752,VATICAN CITY,67705,3,3,data/raw/trade/IMDB1807.ZIP
2018,7,5460,BURMA,61707,10,9,data/raw/trade/IMDB1807.ZIP
2018,7,7470,SIERRA LEONE,59589,85,67,data/raw/trade/IMDB1807.ZIP
2018,7,4804,MONTENEGRO,57925,15,13,data/raw/trade/IMDB1807.ZIP
2018,7,4634,KAZAKHSTAN,57516,19,19,data/raw/trade/IMDB1807.ZIP
2018,7,2777,CURACAO,52848,22,22,data/raw/trade/IMDB1807.ZIP
2018,7,7450,MALI,52524,15,14,data/raw/trade/IMDB1807.ZIP
2018,7,2740,TRINIDAD AND TOBAGO,50617,56,47,data/raw/trade/IMDB1807.ZIP
2018,7,7920,NAMIBIA,40279,13,13,data/raw/trade/IMDB1807.ZIP
2018,7,5660,MACAU,38725,38,23,data/raw/trade/IMDB1807.ZIP
2018,7,5210,YEMEN,35559,1,1,data/raw/trade/IMDB1807.ZIP
2018,7,7540,CENTRAL AFRICAN REPUBLIC,30984,3,3,data/raw/trade/IMDB1807.ZIP
2018,7,6863,FIJI,30388,5,4,data/raw/trade/IMDB1807.ZIP
2018,7,2320,BERMUDA,28882,11,11,data/raw/trade/IMDB1807.ZIP
2018,7,7643,CABO VERDE,26614,6,3,data/raw/trade/IMDB1807.ZIP
2018,7,3550,URUGUAY,26495,31,28,data/raw/trade/IMDB1807.ZIP
2018,7,7790,KENYA,24280,18,16,data/raw/trade/IMDB1807.ZIP
2018,7,2489,GRENADA,24084,6,6,data/raw/trade/IMDB1807.ZIP
2018,7,4810,ALBANIA,17806,10,7,data/raw/trade/IMDB1807.ZIP
2018,7,5130,KUWAIT,16125,9,9,data/raw/trade/IMDB1807.ZIP
2018,7,7510,NIGER,15733,26,26,data/raw/trade/IMDB1807.ZIP
2018,7,2482,BRITISH VIRGIN ISLANDS,14978,10,9,data/raw/trade/IMDB1807.ZIP
2018,7,7530,NIGERIA,14689,20,15,data/raw/trade/IMDB1807.ZIP
2018,7,4641,MOLDOVA,13266,13,7,data/raw/trade/IMDB1807.ZIP
2018,7,7960,ZIMBABWE,13250,3,3,data/raw/trade/IMDB1807.ZIP
2018,7,7780,UGANDA,12223,8,6,data/raw/trade/IMDB1807.ZIP
2018,7,2486,DOMINICA,11345,9,9,data/raw/trade/IMDB1807.ZIP
2018,7,7630,CONGO (BRAZZAVILLE),10924,4,4,data/raw/trade/IMDB1807.ZIP
2018,7,7870,MOZAMBIQUE,10000,4,4,data/raw/trade/IMDB1807.ZIP
2018,7,5550,CAMBODIA,9858,8,7,data/raw/trade/IMDB1807.ZIP
2018,7,7490,GHANA,9799,18,18,data/raw/trade/IMDB1807.ZIP
2018,7,4635,KYRGYZSTAN,9530,10,8,data/raw/trade/IMDB1807.ZIP
2018,7,7830,TANZANIA,9467,6,5,data/raw/trade/IMDB1807.ZIP
2018,7,7880,MADAGASCAR,8176,8,6,data/raw/trade/IMDB1807.ZIP
2018,7,7250,LIBYA,8000,2,2,data/raw/trade/IMDB1807.ZIP
2018,7,6144,NIUE,7967,2,2,data/raw/trade/IMDB1807.ZIP
2018,7,6414,FRENCH POLYNESIA,7860,7,6,data/raw/trade/IMDB1807.ZIP
2018,7,2080,BELIZE,7833,9,8,data/raw/trade/IMDB1807.ZIP
2018,7,5601,TIMOR-LESTE,7112,4,4,data/raw/trade/IMDB1807.ZIP
2018,7,7210,ALGERIA,6373,8,6,data/raw/trade/IMDB1807.ZIP
2018,7,7480,COTE D'IVOIRE,5894,6,6,data/raw/trade/IMDB1807.ZIP
2018,7,2484,ANTIGUA AND BARBUDA,5860,8,8,data/raw/trade/IMDB1807.ZIP
2018,7,7420,CAMEROON,5601,39,33,data/raw/trade/IMDB1807.ZIP
2018,7,7440,SENEGAL,5589,19,15,data/raw/trade/IMDB1807.ZIP
2018,7,6225,PITCAIRN ISLANDS,5460,1,1,data/raw/trade/IMDB1807.ZIP
2018,7,3120,GUYANA,4921,11,11,data/raw/trade/IMDB1807.ZIP
2018,7,7700,SOMALIA,4500,1,1,data/raw/trade/IMDB1807.ZIP
2018,7,3350,BOLIVIA,4400,25,21,data/raw/trade/IMDB1807.ZIP
2018,7,2774,SINT MAARTEN,4000,8,8,data/raw/trade/IMDB1807.ZIP
2018,7,2831,GUADELOUPE,3533,12,11,data/raw/trade/IMDB1807.ZIP
2018,7,5740,MONGOLIA,3316,14,14,data/raw/trade/IMDB1807.ZIP
2018,7,5020,SYRIA,3101,1,1,data/raw/trade/IMDB1807.ZIP
2018,7,2440,CAYMAN ISLANDS,3000,14,14,data/raw/trade/IMDB1807.ZIP
2018,7,7500,GAMBIA,2842,1,1,data/raw/trade/IMDB1807.ZIP
2018,7,7904,REUNION,2651,3,2,data/raw/trade/IMDB1807.ZIP
2018,7,7580,ST HELENA,2374,4,4,data/raw/trade/IMDB1807.ZIP
2018,7,7690,RWANDA,2183,3,3,data/raw/trade/IMDB1807.ZIP
2018,7,1010,GREENLAND,0,1,1,data/raw/trade/IMDB1807.ZIP
2018,7,2430,TURKS AND CAICOS ISLANDS,0,1,1,data/raw/trade/IMDB1807.ZIP
2018,7,2485,MONTSERRAT,0,6,5,data/raw/trade/IMDB1807.ZIP
2018,7,2488,ST VINCENT AND THE GRENADINES,0,1,1,data/raw/trade/IMDB1807.ZIP
2018,7,2839,MARTINIQUE,0,1,1,data/raw/trade/IMDB1807.ZIP
2018,7,3170,FRENCH GUIANA,0,2,2,data/raw/trade/IMDB1807.ZIP
2018,7,3720,FALKLAND ISLANDS (ISLAS MALVINAS),0,1,1,data/raw/trade/IMDB1807.ZIP
2018,7,4091,FAROE ISLANDS,0,1,1,data/raw/trade/IMDB1807.ZIP
2018,7,4631,ARMENIA,0,15,8,data/raw/trade/IMDB1807.ZIP
2018,7,4642,TAJIKISTAN,0,4,4,data/raw/trade/IMDB1807.ZIP
2018,7,4643,TURKMENISTAN,0,1,1,data/raw/trade/IMDB1807.ZIP
2018,7,4720,GIBRALTAR,0,3,3,data/raw/trade/IMDB1807.ZIP
2018,7,5050,IRAQ,0,3,3,data/raw/trade/IMDB1807.ZIP
2018,7,5070,IRAN,0,1,1,data/raw/trade/IMDB1807.ZIP
2018,7,5310,AFGHANISTAN,0,11,11,data/raw/trade/IMDB1807.ZIP
2018,7,5360,NEPAL,0,6,6,data/raw/trade/IMDB1807.ZIP
2018,7,5380,BANGLADESH,0,10,8,data/raw/trade/IMDB1807.ZIP
2018,7,5610,BRUNEI,0,4,4,data/raw/trade/IMDB1807.ZIP
2018,7,5682,BHUTAN,0,2,2,data/raw/trade/IMDB1807.ZIP
2018,7,5683,MALDIVES,0,3,3,data/raw/trade/IMDB1807.ZIP
2018,7,6023,COCOS (KEELING) ISLANDS,0,4,4,data/raw/trade/IMDB1807.ZIP
2018,7,6024,CHRISTMAS ISLAND,0,5,5,data/raw/trade/IMDB1807.ZIP
2018,7,6040,PAPUA NEW GUINEA,0,5,5,data/raw/trade/IMDB1807.ZIP
2018,7,6142,COOK ISLANDS,0,6,6,data/raw/trade/IMDB1807.ZIP
2018,7,6150,SAMOA,0,3,3,data/raw/trade/IMDB1807.ZIP
2018,7,6223,SOLOMON ISLANDS,0,1,1,data/raw/trade/IMDB1807.ZIP
2018,7,6224,VANUATU,0,1,1,data/raw/trade/IMDB1807.ZIP
2018,7,6226,KIRIBATI,0,2,2,data/raw/trade/IMDB1807.ZIP
2018,7,6810,MARSHALL ISLANDS,0,1,1,data/raw/trade/IMDB1807.ZIP
2018,7,6820,MICRONESIA,0,4,4,data/raw/trade/IMDB1807.ZIP
2018,7,6864,TONGA,0,1,1,data/raw/trade/IMDB1807.ZIP
2018,7,7380,EQUATORIAL GUINEA,0,1,1,data/raw/trade/IMDB1807.ZIP
2018,7,7520,TOGO,0,1,1,data/raw/trade/IMDB1807.ZIP
2018,7,7550,GABON,0,5,5,data/raw/trade/IMDB1807.ZIP
2018,7,7560,CHAD,0,4,3,data/raw/trade/IMDB1807.ZIP
2018,7,7642,GUINEA-BISSAU,0,1,1,data/raw/trade/IMDB1807.ZIP
2018,7,7644,SAO TOME AND PRINCIPE,0,12,11,data/raw/trade/IMDB1807.ZIP
2018,7,7650,LIBERIA,0,1,1,data/raw/trade/IMDB1807.ZIP
2018,7,7660,CONGO (KINSHASA),0,4,4,data/raw/trade/IMDB1807.ZIP
2018,7,7670,BURUNDI,0,3,3,data/raw/trade/IMDB1807.ZIP
2018,7,7741,ERITREA,0,1,1,data/raw/trade/IMDB1807.ZIP
2018,7,7770,DJIBOUTI,0,7,7,data/raw/trade/IMDB1807.ZIP
2018,7,7800,SEYCHELLES,0,6,6,data/raw/trade/IMDB1807.ZIP
2018,7,7810,BRITISH INDIAN OCEAN TERRITORIES,0,2,2,data/raw/trade/IMDB1807.ZIP
2018,7,7881,MAYOTTE,0,3,3,data/raw/trade/IMDB1807.ZIP
2018,7,7930,BOTSWANA,0,1,1,data/raw/trade/IMDB1807.ZIP
2018,7,7970,MALAWI,0,2,2,data/raw/trade/IMDB1807.ZIP
