year,month,source_url,source_file_name,source_sha256,source_archive_bytes,source_retrieved_at_utc,status,raw_archive_retained_after_processing,raw_detail_rows,matched_detail_rows,unique_product_origin_groups,policy_hts8_with_trade_rows,policy_hts8_without_trade_rows
2016,1,https://www.census.gov/trade/downloads/2016/Merch/im_m/IMDB1601.ZIP,IMDB1601.ZIP,39c30a31f917cae6b35331acfb0ea3efd8a4410f0c7b9d2b67564609ac9c93de,106360589,2026-08-29T16:01:26+00:00,processed,False,571722,84674,18202,702,116
2016,2,https://www.census.gov/trade/downloads/2016/Merch/im_m/IMDB1602.ZIP,IMDB1602.ZIP,471fa733705c82104b6bf1b8df2a838a43969bd17a4345ece50e3375cee63406,128238812,2026-08-29T16:04:18+00:00,processed,False,819135,123701,22369,712,106
2016,3,https://www.census.gov/trade/downloads/2016/Merch/im_m/IMDB1603.ZIP,IMDB1603.ZIP,dd4e744d74df50ac1a7c7dd0bc14d77e77f130bd4163baf907a3e240286621b8,139934097,2026-08-29T16:07:43+00:00,processed,False,1015222,155533,25190,720,98
2016,4,https://www.census.gov/trade/downloads/2016/Merch/im_m/IMDB1604.ZIP,IMDB1604.ZIP,71496f5d33b29126d2921d70c1da772af40cc9f89045641a84cca59f043ebfd3,147577601,2026-08-29T16:10:58+00:00,processed,False,1169353,181214,27287,724,94
2016,5,https://www.census.gov/trade/downloads/2016/Merch/im_m/IMDB1605.ZIP,IMDB1605.ZIP,db94a3c3fce2db72b668e31735101ebfe54a22bc399bff7da639f2f238e106bb,155116230,2026-08-29T16:14:05+00:00,processed,False,1306496,203400,29005,724,94
2016,6,https://www.census.gov/trade/downloads/2016/Merch/im_m/IMDB1606.ZIP,IMDB1606.ZIP,662f139e1332c4e88e8da7499dc62525012d12da4c0694def62ca54a0a86f736,161965274,2026-08-29T16:17:05+00:00,processed,False,1434565,224369,30477,725,93
2016,7,https://www.census.gov/trade/downloads/2016/Merch/im_m/IMDB1607.ZIP,IMDB1607.ZIP,fc96262c80d4838f8ffe9e867f57dbb2a175da186b8c10accc5fe25255bcfbcf,168706170,2026-08-29T16:20:19+00:00,processed,False,1576333,253513,33431,771,47
2016,8,https://www.census.gov/trade/downloads/2016/Merch/im_m/IMDB1608.ZIP,IMDB1608.ZIP,e7b7b2d34f6284f5709c1f259870b4dc6e289cf9fafc0cae17330523c4af750d,175940688,2026-08-29T16:23:44+00:00,processed,False,1702059,275798,34897,771,47
2016,9,https://www.census.gov/trade/downloads/2016/Merch/im_m/IMDB1609.ZIP,IMDB1609.ZIP,5ad129485c7a696180eb3ba41330f2b109b419bb9bb2e4a956b15d1c74016f6d,181411197,2026-08-29T16:27:19+00:00,processed,False,1824380,294950,36146,771,47
2016,10,https://www.census.gov/trade/downloads/2016/Merch/im_m/IMDB1610.ZIP,IMDB1610.ZIP,cdd6bfbbddeb405d558d89c44b39d24efc43847a11b8b4599b29f72f7628b1ca,187466777,2026-08-29T16:30:51+00:00,processed,False,1932525,313265,37258,771,47
2016,11,https://www.census.gov/trade/downloads/2016/Merch/im_m/IMDB1611.ZIP,IMDB1611.ZIP,b237695e98d7623b14613ea26c688406377f9beed5c757381d604725ca0a8d0d,192389917,2026-08-29T16:35:08+00:00,processed,False,2032924,330681,38235,771,47
2016,12,https://www.census.gov/trade/downloads/2016/Merch/im_m/IMDB1612.ZIP,IMDB1612.ZIP,716707a9beaa2deb2b5a75915c71fb2179f2a50bea831307565268630a895f22,196981202,2026-08-29T16:39:33+00:00,processed,False,2127267,348023,39192,771,47
